time,stock,bond,cash,gold,silver,crude oil,BCOM,GSCI,Argi,Gas,Grains,Ind_Metal
1992-01-31,-0.17969,-1.36042,0.3391,0.254813137032861,6.9053708439897665,-1.1506276150627714,1.65452303553415,2.7492473493607728,0.7192986066805407,-6.939981420282349,4.72259079070223,3.995601173020513
1992-02-29,1.35014,0.65063,0.28276,-0.2824060999717548,-1.4354066985645786,-1.1640211640211562,-0.28670357056216345,-1.0968572047339364,-1.0605147276684157,-4.091251268287888,-0.5293289535429291,4.464810245564554
1992-03-31,-2.48668,-0.56337,0.3376,-3.228547153780803,0.4854368932038833,4.068522483940051,0.5573618207152853,1.117608669517578,-1.6005948016811433,15.686107224516244,-2.27294170928235,-0.8885389719941461
1992-04-30,1.36612,0.72154,0.32488,-1.5510681884694177,-3.3816425120772875,7.253086419753085,0.504783899703054,2.9964630102203182,-3.4264185792693858,3.0973908169737108,-4.489413672919673,-0.3631411711302879
1992-05-31,0.62893,1.88707,0.27584,0.32699167657550543,0.7500000000000062,6.043165467625888,3.1097834531508273,2.686669305102085,2.627575415109118,17.243451265397237,3.8836717983967928,0.8883826879271028
1992-06-30,-2.05357,1.37596,0.32014,1.7481481481481431,0.2481389578163684,-2.3066485753052812,0.08065286370726454,-0.551217455888553,-1.1488532644374216,-3.8400527137836815,-1.9733577246056622,4.888236622262365
1992-07-31,4.01094,2.04112,0.3077,4.222481071636586,-2.2277227722772297,1.2499999999999956,-0.6309181715037027,-1.3935538044180351,-8.556401769551304,23.660935219846447,-11.33202966021778,0.9579162630502625
1992-08-31,-2.10342,1.01223,0.26049,-5.001397038278843,-5.063291139240511,-1.7832647462277085,-1.3328068977292218,0.10480635388521176,-2.760955381930208,4.282152055905009,-1.556115309263928,-0.9914712153518024
1992-09-30,1.25336,1.18636,0.25727,2.6470588235294024,0.2666666666666595,1.0707635009310934,1.226436520554186,1.1463462513700673,-0.23370115164073058,19.420609304888604,0.7471427759140337,-5.265424787337136
1992-10-31,1.14943,-1.32663,0.22861,-2.7793696275071555,0.0,-5.020727775218791,-3.175315448144711,-2.1987797136491793,0.9732183824772367,-9.524555042847727,-0.24268556980314715,-7.2289156626506035
1992-11-30,4.1958,0.02283,0.2346,-1.5030946065428874,0.0,-3.5402521823472366,-1.1078620689655039,-1.2787279695387288,3.1701425428106944,-7.367874609520864,2.7857926836167612,-1.188434207302136
1992-12-31,1.76175,1.59029,0.28228,-0.3889886295631362,-1.8617021276595702,-1.9607843137254943,-0.33139554345522626,0.22530445416018008,-0.4717473196175104,-4.047743115297264,-1.1052521494071987,2.3434593924364533
1993-01-31,1.2366,1.91775,0.23349,-0.720937218383888,-0.5420054200542035,3.897435897435897,-0.4321347006403742,1.212571972957388,-1.6036241673265894,0.18751152734799437,1.240051204986936,-2.798643082141994
1993-02-28,0.40717,1.74922,0.22092,-0.8774583963691351,-2.1798365122615793,1.6781836130306038,1.0040702511862287,1.161715408623265,0.7042170171970952,13.555335099256482,-1.578906859888518,-2.629938925588926
1993-03-31,2.51419,0.41827,0.25375,3.1135531135531025,7.799442896935949,-0.7766990291262155,2.0961583417751006,2.0841325160584567,2.2965000117528334,14.435608073420925,3.1369745176678343,-2.3169482846902234
1993-04-30,-2.68987,0.6955,0.23717,4.88454706927175,13.436692506459934,0.44031311154599795,0.682556643478649,-1.074559562500732,-0.2022058823529571,15.08196979356049,-1.3377238114838486,-6.263923470056354
1993-05-31,3.08943,0.12677,0.2168,6.548123059554056,5.6947608200455635,-2.4841695080370263,-2.0142949967511314,-2.7826607020904337,-2.3980014735678568,-7.556318474648139,-0.5324638253957792,-3.732699566615405
1993-06-30,0.47319,1.81212,0.25381,0.26490066225166586,-1.5086206896551602,-5.844155844155841,-0.603448275862073,-3.1295853683882324,1.6925962184923593,1.0697402587794835,3.9988521098001106,4.705198954400225
1993-07-31,0.0,0.56547,0.24018,6.155878467635412,18.38074398249452,-5.145888594164472,1.4644072319701218,-0.8646361662504432,4.0688503294051825,-1.2011506452250575,4.212302598064199,-1.3453536754507667
1993-08-31,3.84615,1.75388,0.25045,-7.516177202588348,-10.351201478743077,2.2930648769574846,-1.9747728792013364,0.8232661417731713,-1.68851143506753,2.4507697550712138,-2.1742894096320575,-4.456628707999444
1993-09-30,0.22676,0.27458,0.2562,-4.332615715823474,-16.08247422680411,2.7337342810278775,-2.5780053438272166,0.25457964307333825,0.14851092292169632,-6.221887971305828,-1.4001957150888034,-8.578575632725116
1993-10-31,1.65913,0.37317,0.22098,3.9662447257384104,7.6167076167076075,-9.952102182011691,-1.4722926683726656,-3.5927477026112764,1.5315825220737933,-4.467852130596405,2.1792151024674578,-0.3701915338805817
1993-11-30,-1.63205,-0.85017,0.2491,0.35173160173158635,1.598173515981749,-8.806146572104034,-1.3393897041695801,-5.015634993959206,5.081778957109262,-5.835109130827842,6.659640203767436,0.12924071082389688
1993-12-31,1.80996,0.54198,0.22634,5.6349420328929645,14.831460674157304,-8.165910563836675,1.187581159249218,-1.8812779409289049,4.547431857486917,-11.337316452224,6.2041037763267415,8.45434010971282
1994-01-31,3.11111,1.35017,0.25032,-3.54772843287392,0.5870841487279677,7.1983062808750775,3.4357646180409596,8.142178332960004,-1.5669240995768163,33.5076813009388,-3.658803568496538,5.861350788455821
1994-02-28,-2.22701,-1.73736,0.211974,0.9790949986769215,4.474708171206232,-4.674127715602361,-1.0207419271156426,-2.1740375928252065,0.0319610693555239,-7.033767588039785,-1.651280594612492,1.5598650927487245
1994-03-31,-4.55547,-2.46573,0.26949,1.991614255765195,7.448789571694592,2.140883977900554,-0.08090614886731018,-1.1906907177481774,-1.1801203825857587,-4.157254358223361,-3.105775432989011,-0.9270790092707926
1994-04-30,1.00077,-0.79845,0.271103,-3.2631038026721404,-7.279029462738295,14.266396213657885,1.8155898956492056,2.61889672592317,0.4224074093388541,1.3288253508992875,-0.4431417358040646,1.6061452513966623
1994-05-31,0.99085,-0.01382,0.315004,2.948207171314743,3.5514018691588767,8.343195266272186,4.981126157912996,1.4879616835426601,7.3885588467450525,-9.189418973980567,2.3373486761344875,9.20962199312716
1994-06-30,-2.71698,-0.22127,0.311803,0.180598555211553,-3.068592057761732,5.789186237028954,2.479621014894806,2.4599206731400702,1.576432813013784,9.595562582252093,-7.153236266469021,4.304594084329771
1994-07-31,2.94802,1.98683,0.275123,-1.1073911923770274,-0.9310986964618184,4.801239029426951,1.009911710811262,1.7214932426369733,-2.091823132878845,-13.204870933165713,-7.486923093082387,0.9653674429829895
1994-08-31,4.44612,0.12345,0.368744,0.46874999999999556,2.2556390977443552,-13.497536945812815,-3.0468572842152764,-6.739614399126303,1.1640458616565041,-19.281695110401298,3.1540225709030922,3.0476873431337426
1994-09-30,-1.94805,-1.47166,0.365914,2.358735095904607,3.308823529411753,4.726651480637822,-0.23388828644935744,-0.9413354351987424,-1.6284077363786564,-9.204895780610123,-2.26402218895837,0.3247506379030485
1994-10-31,1.61884,-0.08959,0.384048,-2.785515320334264,-6.4056939501779375,-1.087547580206627,0.38362353743526256,0.4505876736308645,-1.6690445013387567,-0.3547447105029744,-0.7376209191544914,10.427745664739874
1994-11-30,-3.62057,-0.2217,0.369051,-0.20838760093773168,-6.4638783269961975,-0.7696536558548739,-0.6560370268147264,-3.274399572707609,-2.1425874028581093,-18.352193261284167,-0.513931748048635,8.103015075376895
1994-12-31,1.35237,0.69145,0.442991,0.052205690420259465,-0.6097560975609762,-1.6066481994459814,2.338006496837064,3.385714018306718,3.8204529298263568,3.4648685685810365,1.2213340023491615,3.951191167925616
1995-01-31,2.14974,1.97912,0.415551,-2.1914949126010996,-4.498977505112467,3.5472972972972805,-1.0775592031073922,-2.4849837276566533,-2.559863839111054,-21.86902665522795,-3.1353507131430147,2.7296441214831324
1995-02-28,3.99129,2.37728,0.398304,0.400106695118696,-2.997858672376863,0.543773790103308,-0.5805362043487361,0.807660708234903,2.911208151382838,7.031265049796787,0.33961781365217103,-11.988754874399199
1995-03-31,2.65178,0.61309,0.461897,4.144527098831041,16.997792494481235,3.677663601947012,1.9683618218494514,1.3620226819598624,-0.9364483246354083,12.03362070517089,1.6482943283374407,5.234415249871205
1995-04-30,2.44732,1.39737,0.444998,-0.5612244897959195,8.113207547169822,6.311945748565462,1.5482487193369865,3.0617575578622214,1.3500073851607564,-6.771410670393763,-0.22464734927529761,-3.6424165279545617
1995-05-31,3.38421,3.86968,0.535519,-1.4109799897383257,-7.329842931937192,-7.311089303238461,-1.2037198429217244,-0.8440771349862319,0.987116957814349,1.7766060104769776,2.6835512480570367,1.6156894624530072
1995-06-30,3.20924,0.73293,0.47145,0.7285974499089187,-4.896421845574384,-7.887771307570157,-1.4487790196872186,-1.7843172119487827,1.0515479786804116,-13.814062949731653,3.6741462980276918,3.3299999999999885
1995-07-31,4.10448,-0.22311,0.45221,-0.9558253681219431,0.0,0.9195402298850519,1.4648118701361623,2.6114978320494586,1.779406864378541,2.8013515637278052,2.772022116055628,1.1710055163069777
1995-08-31,0.95579,1.20564,0.466422,-0.2608242044861764,5.940594059405946,1.5945330296127658,1.2309033543673076,2.11983274228551,2.6837162313851692,1.4962736480030658,1.4227960763421033,-2.008800459154403
1995-09-30,3.84615,0.97353,0.430879,0.4184100418409997,2.6168224299065512,-1.681614349775784,0.5187721708462378,0.4224220592427663,2.619041112113174,-5.405456291303457,5.101504804869772,-0.6540413900820052
1995-10-31,-1.02564,1.30017,0.471402,-0.3385416666666696,-2.550091074681249,0.5701254275940704,0.3784015340051461,1.0064516129032253,3.0475463390384316,-0.2746705943234673,4.395249015111413,-3.4587796010612126
1995-11-30,4.26022,1.49818,0.420097,1.3326365299189957,-2.0560747663551315,3.0612244897959107,1.107554742671324,2.699710441151426,-1.1371369991643676,6.15320134121029,-0.43369286659720174,1.1501272264631046
1995-12-31,1.60133,1.40402,0.488224,-0.2062919030428101,-0.9541984732824416,7.53575357535754,4.841967740314557,10.22721618708018,4.439661557497754,23.387293887604123,7.170131523122625,-1.9219158784463675
1996-01-31,2.71739,0.66333,0.427766,4.806201550387601,7.514450867052025,-9.25831202046037,0.2482674002856733,-0.16174777878923408,3.0419837137898753,21.092250022856796,-0.04926541743645041,-3.06761054683492
1996-02-29,1.74603,-1.73779,0.39084,-1.2080867850098653,-1.0752688172043112,10.146561443066515,1.7316555430188618,4.00880127799379,-0.5012064581950249,-3.933658831227671,1.3510658897671224,-0.26460626587637703
1996-03-31,1.09204,-0.69541,0.394267,-1.073122036436236,0.18115942028986698,9.877175025588535,4.339571212391813,6.500130408322957,1.7878795276808024,11.185192947525602,1.9305421671052425,2.5151225724291626
1996-04-30,2.46914,-0.56213,0.457932,-1.286579212916239,-3.616636528028938,-1.257568700512346,4.436537248896499,5.773469387755092,7.686280780300603,-3.5920877463743395,10.896125140578672,-0.6728778467908869
1996-05-31,2.71084,-0.20251,0.423243,-0.17889087656529634,1.3133208255159623,-6.792452830188667,-0.8815284426618386,-0.7897766372751414,-0.960696096336866,9.462068628409437,0.04456019852336901,-2.522146951537263
1996-06-30,-0.83089,1.34326,0.399953,-2.2017409114183373,-7.037037037037052,5.870445344129549,-0.5621644200395015,3.8798384535100094,-1.8350824587706205,14.180295841473622,-3.136255077984007,-10.157168822837592
1996-07-31,-5.37211,0.27359,0.44968,0.8638743455497311,2.589641434262968,-2.390057361376674,-1.8850586783585865,-4.732470482514173,-5.319506384018569,-23.10685686909081,-6.322590874856315,-0.16660716410805687
1996-08-31,3.17708,-0.16748,0.412207,0.3114456267843124,0.7766990291262044,8.961802154750242,4.409836504241249,3.220217410528603,5.965189618182709,-12.75367478765068,5.890318212593093,1.8238169030873719
1996-09-30,5.35083,1.74144,0.437467,-1.9404915912031084,-6.165703275529866,9.573033707865175,0.06663420384940277,3.54653136730414,-6.469683822745886,9.875535604978602,-7.140345268542192,-6.415359400608766
1996-10-31,1.38955,2.21617,0.424601,0.13192612137202797,-1.2320328542094527,-4.224774405250198,-1.8149997865710588,-0.24729568228480936,-7.594277436890684,13.499137816686568,-12.456750383006565,2.752064048036029
1996-11-30,6.61626,1.71289,0.406787,-2.1607378129117283,-1.663201663201641,1.7130620985010614,5.150901233816474,8.321685410861912,3.1668868339938427,26.01937662884055,4.221682577448327,7.487216946676423
1996-12-31,-1.10816,-0.92995,0.46207,-0.5386479935362232,1.0570824524312794,9.136842105263154,0.9186905145824653,0.9645162388120632,-0.8024174961159591,-10.836401405903684,-2.583791636401389,-1.936799184505611
1997-01-31,5.33393,0.30575,0.450356,-6.44462496615218,3.347280334728042,-6.82870370370372,0.20238602471240874,-1.4701710330802586,3.4180679138770653,-3.870155804713671,3.8085370104969707,6.133056133056125
1997-02-28,-0.04255,0.24847,0.385908,3.7916063675832223,7.692307692307687,-15.942028985507239,0.6541773311200316,-6.893799229714437,8.029755862137833,-17.802542602109817,7.792837753379156,6.203068886712382
1997-03-31,-4.42742,-1.10834,0.429121,-2.900167317345237,-4.699248120300748,0.5418719211822687,1.6361878610133829,1.686788304852782,4.97119265489725,2.7207750325782154,6.564839254034882,0.6455579465109107
1997-04-30,4.36526,1.49801,0.43078,-2.2975301550832827,-7.495069033530566,-0.9799118079372837,0.3525038967267413,2.3134180050947473,3.0260782788629426,9.423614136702652,1.0435192178072317,-1.1097536143351738
1997-05-31,7.08493,0.94511,0.493423,1.5873015873016039,0.4264392324093702,3.315190499752596,1.043442244276993,0.7151496958406556,0.036323234049828734,1.587970770095537,-6.080722678539852,2.841552558426863
1997-06-30,4.5835,1.18734,0.369249,-3.182870370370372,-1.4861995753715607,-5.172413793103436,-6.147915746988719,-5.409986003114964,-11.156439337306068,-5.446811453866363,-11.584802327571452,-1.7218940834918373
1997-07-31,7.69817,2.69539,0.428943,-2.4506873879258984,-3.2327586206896464,1.7171717171717171,2.796979598007665,4.096940115228365,5.118321620040556,1.9201931165648611,8.68934012117457,2.770703881022718
1997-08-31,-3.75089,-0.85208,0.410823,-0.30637254901960675,3.786191536748329,-2.6315789473684292,-0.5155776348795271,2.5290310327124033,1.1549544879320583,25.038876528146602,-1.3116651825467396,-4.19268510258698
1997-09-30,5.88235,1.47522,0.444038,2.0590043023970717,12.017167381974247,8.00611932687405,0.6677289004237918,2.5294582461380832,-4.031984565412349,9.212666220223852,-4.022485495411776,-1.9966894268570123
1997-10-31,-3.29861,1.4506,0.421812,-6.2330623306233175,-8.812260536398464,-0.47214353163362865,-0.027739477355614994,2.751052994116776,4.480952418347872,9.98510861948143,8.354877830946993,-5.024807347197302
1997-11-30,3.2675,0.46029,0.391988,-4.688503532434163,11.5546218487395,-9.155597722960152,-4.354674174725592,-9.859247801347903,0.4690142433011246,-23.604042720951888,-0.5882557090303386,-5.23507835945315
1997-12-31,1.84284,1.00629,0.476674,-2.2237196765498735,12.994350282485879,-7.8851174934725705,-4.449696669766812,-6.757638194630711,-4.135588655559619,-12.086903942786876,-6.523940023390173,-5.266244428806011
1998-01-31,0.54626,1.28366,0.428669,5.065472088215017,3.833333333333333,-2.43764172335601,-0.05179311330189007,-1.611548230402371,0.5275438774475116,1.2107485058343581,1.465878640187479,-0.9161817506499914
1998-02-28,7.26655,-0.07528,0.390734,-2.4598228927517174,4.3338683788122,-10.284718187100527,-4.678984328931623,-6.598623860831188,-2.741097836465689,1.4950380203634595,-3.195826010140501,-4.223416218917897
1998-03-31,5.00158,0.34406,0.394567,1.210490921318108,0.3076923076922977,1.1010362694300557,-0.16215354910064095,-0.5193400823830019,-2.5469725268585486,7.823376623376621,-3.44771863117872,1.7221135029354073
1998-04-30,1.20591,0.52231,0.430276,3.222591362126237,-4.447852760736182,-1.4093529788597015,-1.720868226369754,-2.7268241402244042,-4.362996027683375,-11.625018736215498,-4.465753694387276,1.6801333846351296
1998-05-31,-2.68097,0.94813,0.403645,-5.5037013196008955,-17.97752808988764,-9.35672514619884,-5.312228346531889,-4.717688575209533,-2.7901479857495026,-4.2789300251986795,-4.4065665673918115,-6.823915237134203
1998-06-30,3.52005,0.84832,0.408932,0.9196185286103553,8.414872798434425,1.6487455197132572,-2.5836847521236495,-3.5454426209269863,1.0571755792441184,9.930137194350209,3.3774970084410327,-5.793962366319205
1998-07-31,-2.18805,0.21221,0.400227,-2.497468781640244,-1.6245487364620947,0.8462623413258097,-6.428061018423592,-7.861096889799057,-7.377735158225073,-26.003361808929515,-11.378188416376423,2.7446472194280647
1998-08-31,-15.56832,1.62765,0.430641,-5.365178262374526,-14.128440366972484,-6.713286713286715,-6.73683511521348,-5.901580989920207,-6.786073959735339,-8.627396066716454,-9.271266017909452,-4.979020979020987
1998-09-30,6.51629,2.34116,0.457735,7.498171177761526,14.743589743589759,20.98950524737633,7.333831749083264,10.220651667458602,1.0299181114129086,22.940044613210286,3.665179497821125,-0.2060641742714142
1998-10-31,7.42857,-0.52759,0.324245,-0.5444028581149896,-5.959031657355684,-10.656753407682784,-3.3058033986754665,-4.691070726010993,3.6669098613790085,-13.336749816479454,6.88727636682096,-2.2418879056047114
1998-11-30,6.3204,0.56636,0.30638,0.8210742387957604,-3.5643564356435564,-22.19140083217752,-7.560286769498159,-12.167455668074867,0.4290149046526581,-19.28080549784241,0.774858079241536,-0.18105009052504784
1998-12-31,6.38611,0.30071,0.375124,-2.341364099083809,3.490759753593431,0.53475935828875,-3.7627558909023473,-1.7209397671081428,-6.795557304816113,-5.528056072545839,-8.355691835952472,-5.683192261184999
1999-01-31,3.67912,0.71428,0.353934,-0.8339124391938957,4.166666666666674,13.031914893617035,-0.7891726540107724,0.43649683310864607,-3.8499567420590908,-8.213522236660097,-2.8490678427943172,-1.9551282051281982
1999-02-28,-3.6286,-1.74599,0.354894,0.5956552207428301,7.428571428571429,-3.764705882352948,-3.819197035847066,-4.6063528565567395,-9.004434732309285,-9.61068615138715,-9.240101754614827,0.5557371690094959
1999-03-31,3.87597,0.55483,0.425861,-2.647161267850928,-11.879432624113473,31.70334148329259,9.135114020554669,16.892247078251366,5.40212836087961,21.189309351791042,7.794802506755594,-0.4551365409622865
1999-04-30,4.77079,0.31698,0.371129,2.5402504472272103,9.05432595573441,12.809405940594054,3.670562679732936,4.132787019287543,-4.943207835866737,10.505690582398808,-4.3069537969197995,12.230568256041806
1999-05-31,-2.18774,-0.87626,0.340221,-6.280530355896719,-8.856088560885599,-7.624794295117942,-6.475231258259228,-5.456726574768811,-2.556661301124419,3.921605613611523,-3.441789172995191,-11.610650371017028
1999-06-30,5.17555,-0.31936,0.395391,-2.829486224869704,6.680161943319818,9.085510688836118,5.143970060337555,6.431474962049721,-2.8323385784047805,0.8240611329932923,-2.3739086514178442,14.847736625514397
1999-07-31,-3.18991,-0.42484,0.380607,-2.0689655172413834,3.4155597722960174,11.758301578660868,1.3668446349229368,3.5873759049724674,-4.962400416945867,5.125389309953743,-4.632668144863272,1.1609574315608384
1999-08-31,-0.94508,-0.05079,0.388467,-0.312989045383405,-5.137614678899083,6.673161227471969,5.354242308427293,7.038439808324104,3.9053625288887117,10.58670411343632,5.590861181722362,5.794842731652028
1999-09-30,-2.60444,1.16043,0.387124,17.34693877551019,7.9303675048356,11.917808219178095,4.788518438743461,5.303738226404908,-1.1397622458468426,-7.140423686818642,-1.500227529615561,3.026650595955549
1999-10-31,6.35425,0.36893,0.388669,0.033444816053518345,-6.630824372759858,-11.260709914320689,-4.3403472710553554,-5.1569090477039286,-3.0214437340316147,0.9605603268573404,-4.764459546057442,-0.8969192772650625
1999-11-30,3.36072,-0.00695,0.362224,-2.574389836175206,0.0,13.057471264367827,1.8829942435791613,4.046367234447379,-1.9988465672267863,-22.76308617300673,-4.168753129694536,1.2722980062959133
1999-12-31,7.58671,-0.48217,0.437729,-0.3774879890185212,4.0307101727447225,4.107360715738118,2.4254062694254452,4.22349731916094,-1.5955810563201056,0.7100085543199297,-0.7250163291965928,5.3101929801839365
2000-01-31,-4.16387,-0.32715,0.412684,-2.4112986565621775,-3.136531365313655,10.429687499999996,4.922349983202023,7.230685920577606,3.738990975318024,14.346385798012395,6.816237910388834,-0.11068749231337716
2000-02-29,2.24247,1.20921,0.431389,3.6710201200141013,-3.4285714285714253,7.640608418818529,1.2890564478644784,6.247538119173557,-3.720832732846835,5.452384489674644,-1.9094548814290069,-4.690962817040145
2000-03-31,5.94014,1.31657,0.468003,-5.754170922710244,-1.183431952662728,-10.253039763391392,0.47010595229599605,-1.1606978763316511,5.617320070216492,6.278176951253878,5.078492935635781,0.37462860095596184
2000-04-30,-5.19733,-0.28537,0.459487,-0.6141618497109813,-0.7984031936127733,-5.748809959721712,-1.666599001258573,-0.9108017042667504,-4.274946853056749,6.063066496545089,-4.830059012474797,-1.9562419562419553
2000-05-31,-3.50319,-0.0459,0.504028,-1.0178117048346147,-1.0060362173038184,12.703962703962723,6.152845729856926,11.197352158973995,0.662207087769362,37.934320709911276,-1.197764591378614,-1.2339196639538086
2000-06-30,4.4083,2.08034,0.398416,5.839147998531025,2.2357723577235866,12.030334367459483,1.8678957245510164,7.126750482264588,-8.257898888874038,2.99357790891277,-10.537186799917375,1.3423710792132004
2000-07-31,-2.03206,0.90767,0.480049,-3.9555863983344874,-0.7952286282306154,-15.600000000000003,-5.498071856744691,-7.679834865624613,-1.5157477445964962,-15.03871024501825,-6.8286358712060675,2.07213114754099
2000-08-31,7.25974,1.44968,0.504561,0.07225433526010239,-0.40080160320642433,20.743711265038268,9.258211789422655,15.408830010385133,2.8665295310257077,27.402047710887032,5.811825702413187,2.5954002312732927
2000-09-30,-4.66266,0.6286,0.508289,-1.191335740072208,-2.012072434607637,-6.8840579710144905,-1.1047425348987727,-1.3691576277451323,-2.3320385556035217,7.148445040486839,-1.4267442488876236,0.8515967438948113
2000-10-31,-2.14109,0.66083,0.5613,-3.361344537815125,-2.6694045174537995,8.560311284046684,-2.949287216639407,0.22537308032275494,-2.3125985063854104,-13.582962745228189,-2.503700725524949,-7.8355892214081795
2000-11-30,-9.94933,1.63554,0.507321,1.7391304347826209,-1.0548523206751037,1.0155316606929699,7.48410710845695,9.215391994553702,1.7038857642606153,45.421229344510536,3.7938855461208343,0.05389382915657048
2000-12-31,1.79028,1.85545,0.504383,2.006688963210701,-1.9189765458422325,-17.80011827321112,2.7090241061026976,-2.0617583029925446,0.12898634523863528,50.190139888632366,1.7210553880049773,0.3770535954753518
2001-01-31,3.84422,1.63459,0.538383,-3.642987249544627,4.130434782608705,3.0935251798561048,-2.8260319510003296,-5.307505002531398,-3.6706349206349187,-35.08161143012162,-8.109931470368926,1.8647705929702107
2001-02-28,-9.48464,0.87132,0.37535,0.8317580340264641,-6.471816283924836,-4.431263084438242,-0.8035986855100763,-1.395710012093443,-0.836189802788323,-0.9882218198139725,-0.6588353491247756,-3.4637165810615156
2001-03-31,-6.73617,0.50183,0.416164,-3.374578177727783,-4.017857142857151,-1.0952902519167584,-4.622597959793251,-3.9195131334674227,-7.778277246446463,-4.901324787994843,-7.3244257735768254,-5.989085948158257
2001-04-30,8.22585,-0.4151,0.3934,2.134264648816453,0.9302325581395321,2.84237726098191,3.1659264320692326,5.370411676023146,0.3664173459954734,-6.960402386705455,1.4228452708232586,3.0184298360179884
2001-05-31,1.00636,0.60407,0.323096,1.6337386018237199,1.382488479262678,1.8305814788226904,-2.407366523162957,-2.84852982807825,-3.9790330413812858,-17.858751821915998,-2.4912578369094995,-1.605859980278912
2001-06-30,-1.67803,0.37725,0.280984,1.158878504672911,-2.0454545454545614,-0.5992245329573542,-4.260493350048556,-7.234175487231187,0.7604164849922546,-21.700649546178006,0.6578249336870012,-6.0987831066571125
2001-07-31,-1.65333,2.23568,0.302245,-1.7368810051737071,-1.6241299303944134,-7.4468085106382915,0.9835484537909389,0.23940844042098508,5.966454918387476,3.9088574214726224,10.011594813955927,-4.711084006708344
2001-08-31,-6.04664,1.14581,0.30879,2.6701767581797764,-0.9433962264150941,4.214559386973171,-0.3363556595495698,0.9559112069720044,-3.585429598170531,-25.147049104487472,-2.51801318411774,-1.6000000000000014
2001-09-30,-9.00433,1.16473,0.277362,7.362637362637381,10.47619047619046,-14.117647058823534,-6.963071655661512,-10.9560042840804,-6.507412113511224,-17.195832597563143,-7.118144289365058,-6.292682926829263
2001-10-31,2.56898,2.09304,0.224335,-4.87888092801092,-9.05172413793104,-9.80308219178082,-4.941802390991201,-5.042647539130208,-2.964627428240063,23.771645483238068,-1.4984444115219153,-4.7197640117994215
2001-11-30,7.6376,-1.37888,0.174443,-1.1836441893830707,-1.1848341232227444,-8.06834361651637,0.6116782992467318,-5.37062576273204,5.0235302905804025,-21.208153138406928,0.036526933241654014,14.132216354033877
2001-12-31,1.7811,-0.63572,0.146359,0.3629764065335772,10.79136690647482,2.4264326277749104,-2.121811785400163,-1.325630487054752,-4.173334755859015,-7.983818062541015,-4.188324240731978,-6.637944790170747
2002-01-31,-1.24189,0.80962,0.140127,2.097649186256789,-8.225108225108224,-3.2258064516129115,-0.8087161630910944,-3.12005241999751,-1.2488170566513968,-16.483281446802433,0.16140602582495056,5.759699196718526
2002-02-28,-2.05773,0.96904,0.129322,5.171803046404522,6.367924528301883,11.875000000000014,2.457252859245851,4.368140505838558,-1.240181893344361,6.311356457900574,-1.5599820948970389,-0.3070458952811994
2002-03-31,4.37701,-1.66322,0.133805,1.515661839003024,2.882483370288247,21.601489757914337,10.068523430592391,13.48178818386263,5.797404771871073,35.941222130028635,3.6332219266534738,3.8579996757983404
2002-04-30,-4.86441,1.93932,0.15357,2.2561380225613936,-2.155172413793094,4.747320061255733,-0.16065870067275556,1.1069233642321041,-4.864670443305452,13.589556793793944,-4.164015708299518,-1.6388325269236614
2002-05-31,-1.17543,0.84952,0.144793,5.9701492537313605,10.35242290748899,-8.552631578947366,-1.6795735693452718,-4.351131288028897,7.508506616257082,-15.851692638366465,7.44912208410593,0.17454776261505156
2002-06-30,-7.04728,0.8651,0.129515,-2.4800979791794298,-3.59281437125748,7.114308553157489,1.8003273322422242,3.417226575591714,3.163243775495861,-1.2359411692003497,5.777957687964719,0.8236971329003584
2002-07-31,-8.06142,1.20624,0.154655,-4.332810047095769,-4.761904761904767,1.5298507462686572,-0.6933279742765253,0.5783932765639488,5.138824973155387,-9.746381345680554,6.135068178613889,-8.609583660644137
2002-08-31,0.59151,1.68815,0.138814,2.65835247784707,-3.0434782608695587,6.5417126056596775,3.824749569968633,6.048024549290387,3.1725188859708764,8.148267973100998,3.4974855299364283,0.2578648788035043
2002-09-30,-10.03113,1.61992,0.143822,3.4846547314578036,1.5695067264574147,5.277681959296321,3.5863950881980466,4.566472984860415,0.5845104724792938,14.119959828201445,-0.3098756830100191,-3.1207133058984926
2002-10-31,7.6509,-0.4559,0.135809,-2.1007105344454824,-0.44150110375277274,-11.992136304062907,-1.166619625552745,-4.718497917617926,3.1414512223697733,-5.383189469545191,1.1219628832606743,7.2566371681416
2002-11-30,6.03571,-0.02639,0.117174,0.6942253076680505,-1.552106430155198,-0.2606105733432673,0.19038553069967712,-0.217243562562075,-0.6239966073971148,-1.3159977835826786,-1.3132286873169807,2.5577557755775526
2002-12-31,-5.55743,2.06536,0.112989,8.806016922594795,7.432432432432412,13.661814109742432,4.779097387173392,8.531111926092816,-3.7415795409516117,15.81005474562338,-5.391009455001194,-4.698310539018502
2003-01-31,-2.49643,0.0855,0.097178,5.846774193548399,1.4675052410901612,10.21346469622333,7.580703663402244,8.991192782587243,2.9591982140312556,19.457671728628068,-0.0779241019247201,9.471551578591942
2003-02-28,-1.71909,1.38431,0.086926,-5.442176870748295,-4.958677685950419,10.399284862932046,3.2788267026298,12.122479712206147,-2.2943962600725953,18.478575984229153,-1.1346798721048157,-0.03084515731032189
2003-03-31,1.1537,-0.07734,0.100847,-3.6258992805755508,-2.826086956521734,-16.27530364372469,-7.638945564351585,-14.411150223408276,-1.9437799043062198,-16.653616521483816,-1.4789982252021328,-7.204566491823505
2003-04-30,8.20456,0.82539,0.097832,0.5673335323977513,4.026845637583909,-15.764023210831724,-0.7157373862331062,-6.137163750862184,2.1251665302322476,6.422112618166875,2.387910328262599,1.6292601828761466
2003-05-31,6.08637,1.86449,0.089346,7.30403800475059,-2.580645161290329,12.208189820130123,5.749377002491984,9.587888522834675,-1.3029469548133443,14.382267341618515,4.861884933435001,5.758220186487817
2003-06-30,1.47436,-0.19865,0.098255,-4.261206419479791,0.6622516556291203,2.52387448840381,-2.5500757448240874,0.21936165757645565,-2.439645837314497,-14.137906084943207,-5.613348247576444,-3.959783449342613
2003-07-31,2.43209,-3.36202,0.067643,2.543352601156079,12.719298245614041,1.829673985362601,0.5268157872009738,0.7121111122165846,-1.7938756855575777,-13.478553973203,-2.717809950818695,8.906426155580615
2003-08-31,2.37435,0.66368,0.069545,5.862457722660652,-0.7782101167315147,3.8222803005553807,3.8659793814433074,4.086617420790439,7.186902684284879,0.6720233747260718,11.71502243518161,-2.0408163265306256
2003-09-30,-1.08434,2.64692,0.084965,3.301384451544198,0.39215686274509665,-9.093769666456897,0.0,-4.08395696802023,3.3928266836204646,-3.03132910882149,1.790160478345415,1.1775362318840576
2003-10-31,6.09013,-0.93199,0.070466,-0.43814432989690566,-1.3671875,-0.41536863966771254,4.689826302729516,2.1907669168468313,7.587323964785475,-2.495884534162507,12.06434795029281,12.130707251566708
2003-11-30,1.40643,0.23912,0.071839,3.132280610924143,5.940594059405946,4.1014946124435125,-0.38160701588053625,2.5589569545241053,-2.96085647373705,-3.976943279102285,-2.730821317613319,-1.6500332667997442
2003-12-31,4.50042,1.01761,0.081862,4.492971887550201,11.02803738317759,9.816360601001684,7.283066454115028,6.24496953990028,2.2883985519738026,29.384079849394375,1.3103798463579786,13.854688134217309
2004-01-31,2.22102,0.80471,0.069473,-3.963487869325011,4.882154882154888,1.1249619945272071,1.7372662083240842,0.3918894001026185,4.874657678533811,-9.990254080245975,6.012837302549645,3.184789067141991
2004-02-29,1.45734,1.08204,0.06227,-0.9754877438719389,7.383627608346699,6.915213469633197,6.416218572881838,7.420373497148636,5.930955059189036,3.3718146188217446,7.866402318133314,8.315098468271342
2004-03-31,-1.07078,0.74955,0.086491,7.021975246274326,18.385650224215233,1.6029246344206882,2.9955616251280404,2.0095875143946618,1.3918209974085105,8.642157441284093,5.550842664856903,-0.44657097288676173
2004-04-30,-2.13833,-2.60221,0.079823,-8.307764928015104,-23.737373737373733,4.45613063935788,-1.8503417596478444,2.757998134004347,-2.2691569209286055,-2.1265038972325456,-1.560532590350161,-8.619032361422619
2004-05-31,1.38479,-0.40033,0.060991,1.235521235521242,2.1523178807947074,4.425013248542653,1.6143631033597838,4.626843672310255,-6.050825402495352,8.267661912425762,-11.778633536991922,4.2893875642823875
2004-06-30,2.14106,0.56502,0.083653,0.6356470887363352,-5.510534846029169,-9.26160872874905,-4.255630301257685,-4.700043953732114,-6.839753948100958,-5.35144486448389,-6.282294510511621,-0.4482797265493721
2004-07-31,-3.72551,0.99133,0.096696,-1.1116725618999568,12.178387650085764,21.64429530201344,1.6523876306983043,7.7527416646299585,-9.42920444276012,-1.0046169051841858,-14.453587886767604,1.8574805808848405
2004-08-31,0.34101,1.90773,0.110185,4.0623403168114525,3.2110091743119185,-3.9080459770114984,-1.9519991257666458,-3.8830049936892874,5.60052786584484,-15.895072281411993,4.809727192273661,-2.5530503978779873
2004-09-30,1.61763,0.27113,0.114715,2.062361895408782,2.0740740740740726,18.540669856459324,6.700521051018415,12.61385219102429,-8.214334699849136,18.855191478982047,-12.256323653584932,12.010888057162305
2004-10-31,1.61568,0.83847,0.112588,2.3815251383209057,5.660377358490565,3.915237134207872,1.5498612697894432,4.148422541542529,-1.904461454165074,12.221918183061975,0.18828057990418756,-4.343863912515189
2004-11-30,4.65531,-0.79762,0.154307,6.531954887218028,5.769230769230771,-2.932608273451165,-1.3777009173958077,-4.837325224609801,1.9668246445497584,-18.789851626982667,-4.293082207512899,4.901026780988671
2004-12-31,3.60981,0.92027,0.164855,-3.925893250992496,-11.688311688311693,-14.445778311324531,-5.08585061861988,-9.988592941946772,1.5885926762059688,-19.594361291678563,1.5643067524817145,4.904137235116046
2005-01-31,-2.62514,0.62745,0.163969,-3.0762167125803597,-1.0294117647058787,10.149672591206738,0.8358286860251196,6.761533478058279,-4.423274890112583,2.0332717190388205,-5.056710775047257,-2.8280107733743676
2005-02-28,2.19463,-0.58979,0.164525,3.150165798199911,8.766716196136692,10.254777070063682,6.831447817410319,6.226135218384932,13.128291048348517,5.588493631971891,15.258608986831979,5.751336369035842
2005-03-31,-1.7443,-0.51406,0.211851,-1.8369690011481032,-2.3224043715846965,6.046601193914891,3.3426627818757826,7.559271867201622,-1.0563539919300147,12.379120307788295,-2.051352518550509,0.9735093138631523
2005-04-30,-2.2073,1.35333,0.205664,1.9181286549707632,-3.4965034965035002,-8.461957508625396,-6.045874615963587,-9.050871357180345,-1.787023460410564,-15.092913871539826,-2.9160069743671913,-4.635209047928058
2005-05-31,3.78627,1.08186,0.23899,-4.865733302731234,7.246376811594213,2.122594723269189,-1.028930883685486,-0.7328534156569755,0.9019937171472314,-4.705946456464094,5.470459518599569,-1.4192670360649418
2005-06-30,0.81285,0.54532,0.226763,5.4523522316043405,-4.729729729729737,10.411810411810428,1.4317275604238011,5.795336484543245,-2.2117074072932508,8.927516343606467,-3.748140609097317,-0.6606843506557603
2005-07-31,4.13601,-0.90959,0.237467,-1.853122855181888,2.553191489361706,6.157635467980294,4.215586879026745,5.495271975234761,1.2577426828691785,12.146769085405328,3.0319051589157597,5.975779233670853
2005-08-31,-0.90024,1.28195,0.301713,1.0023310023310028,-5.532503457814664,14.865760689426576,7.208937425469131,15.14344499156206,-8.950112849248981,40.10890424851388,-11.82797821109971,1.8452603971524928
2005-09-30,0.8019,-1.0309,0.285524,9.231479344564963,9.224011713030755,-4.241812148319147,4.351465904833307,0.017935683175518413,0.4649970082913013,19.422048997772823,-1.128147733631768,1.526717557251911
2005-10-31,-1.84405,-0.79108,0.273214,-0.5282062117050512,1.072386058981234,-8.693686906734976,-6.582365118457901,-10.325086182900456,-2.896183232086036,-15.157449109948617,-4.407869416585564,4.43880786303108
2005-11-30,3.99192,0.4425,0.313997,5.288870008496183,9.416445623342184,-6.914191419141924,-0.06846188954813259,-3.847818365781508,-2.684657846315597,-0.4264392324093924,-3.6282682834406943,8.942666319715498
2005-12-31,0.13648,0.95018,0.316085,3.490014121444429,6.909090909090909,6.151391597234546,2.852730135455084,2.868494979124958,7.88900293519168,-9.64259696682046,7.121792981421415,6.998407643312099
2006-01-31,3.55962,0.00611,0.349954,10.87719298245613,11.337868480725621,13.977955911823647,1.4724012410239018,4.334089729507906,3.498347631605303,-17.98636730106764,-0.6125258086717156,11.28804226504949
2006-02-28,-0.02584,0.33157,0.336095,-2.250351617440216,-0.5091649694501044,-10.329670329670327,-6.584364509497953,-10.104292296079064,0.36929527495566106,-29.154875033513083,2.391339473259002,-2.1262369617544796
2006-03-31,1.84422,-0.98111,0.366757,4.6762589928057485,17.70726714431936,8.578431372549012,1.8245250687279002,5.130420095070343,-3.615096643583604,4.364645530232969,-4.294506188146718,7.186774149473973
2006-04-30,1.11089,-0.18104,0.356415,10.65292096219932,19.304347826086964,7.735139202407826,6.400353523735713,6.333373116788921,0.5801063528313444,-10.97904915390815,0.998728035049723,21.75270873167623
2006-05-31,-3.20666,-0.10713,0.4311,1.3975155279503104,-8.600583090379022,-0.2933370582483663,0.5188687296250105,-0.7695750213331132,-1.491622056118136,-6.245756958587911,1.4949391296235737,8.359943464377317
2006-06-30,0.17687,0.21224,0.396417,-6.0490045941807065,-12.200956937799035,3.0961053516391335,-1.9492978792046478,1.1624450209620107,-1.3022191564177055,-9.389331402365443,-2.36448447804406,-5.560386473429945
2006-07-31,-0.11706,1.35194,0.397688,3.096984515077428,2.997275204359684,-0.040766408479409044,2.7690709152307535,2.0051691736059585,-2.1257010381330654,28.90250399573788,-2.2546481525064888,5.964499462888129
2006-08-31,2.34056,1.53107,0.42243,-1.4229249011857736,13.756613756613767,-4.404567699836881,-4.0195021119798895,-7.257460457991671,-4.528354465654171,-19.425501136598466,-3.635750746412403,1.0378952449915602
2006-09-30,2.19662,0.87844,0.408119,-3.881315156375309,-11.317829457364347,-10.437997724687143,-6.390013811184714,-10.706395410505776,-0.20796847635727866,-31.690176968453454,2.9658687721753063,0.8265647396082043
2006-10-31,3.62603,0.66162,0.405801,0.7508760220257038,7.342657342657333,-6.954588758335978,4.288652575379648,-2.568362391097012,10.886256444005692,7.223849215288736,15.603387609502771,7.496564469506706
2006-11-30,2.25902,1.16026,0.423032,7.105001656177556,13.762214983713372,7.406143344709881,5.033659639005639,5.528162452037866,8.472229091448646,10.574970236010927,9.25502214572096,0.2733083535375824
2006-12-31,1.16658,-0.58059,0.403406,-2.273078707283138,-7.659269863994278,-2.9710835716555417,-4.968210302829689,-7.117946957456034,-0.834397227795014,-27.782000126670468,-1.3237780510298336,-2.9366509869433344
2007-01-31,1.90038,-0.04127,0.444439,2.927215189873422,4.961240310077519,-4.994268871786467,-0.24923577704507593,-2.2899474735413095,-1.7165540178092575,17.89958342468756,0.597753071516216,-4.637891208840972
2007-02-28,-1.57978,1.54206,0.383719,2.1060722521137665,4.579025110782875,6.428817649086516,2.961575975050268,4.297142815575117,2.894256709342402,-4.816454048424879,4.846514148569647,5.23391118499168
2007-03-31,1.10609,0.00323,0.425233,-0.36133694670281713,-5.508474576271183,6.704453441295555,0.5555133235485066,3.2343166418485447,-6.148553415273639,4.388090028133806,-8.462248477016788,5.28501150877827
2007-04-30,4.00319,0.53929,0.436234,2.296766394681171,0.22421524663676085,-0.3945970556988976,0.7280635950756897,-0.2751433566138273,-2.929302716145088,-0.20213363279057983,-1.4358891622635594,8.577674897119337
2007-05-31,3.65837,-0.75825,0.405933,-2.644017725258485,0.1491424310216205,-2.23982934633552,-0.28404006581417285,-1.5532852550531273,5.882352941176494,-1.0089644049360413,6.73364160903549,-3.343993051443006
2007-06-30,-1.60852,-0.29561,0.398026,-1.3048095888332556,-7.594936708860756,9.803615960099755,-1.7669910782003528,3.221133581646596,1.8712292609351255,-15.94043649590785,1.1559474743602083,-5.32227759170002
2007-07-31,-3.40252,0.83424,0.395721,2.305918524212136,3.464947622884762,10.787792760823267,1.6355181498311389,5.546036688011902,0.8528817532657662,-9.858012170385388,-0.7599302607641079,1.1432762414254283
2007-08-31,1.39287,1.22573,0.41799,0.9767092411720579,-6.0747663551401825,-5.214606021780899,-3.989654732495984,-4.186794219687872,2.310680205529736,-10.566056605660567,7.050241564343951,-7.83569356765057
2007-09-30,3.59226,0.75843,0.323433,10.565476190476186,14.344941956882252,10.354149770208165,7.660993199086796,10.225796881695626,12.059249958895712,6.329326251048362,14.700583314008453,2.5454713750173497
2007-10-31,1.91418,0.89837,0.32167,6.258411843876188,5.148658448150845,16.536011758941704,2.958765778401129,9.606988205459466,-2.910458710701469,8.15586054582742,-4.178849144634523,-2.170871507875616
2007-11-30,-4.45269,1.79818,0.341075,-0.7599746675110874,-3.4482758620689613,-6.97918856422115,-3.4202611102635005,-3.697372836730628,3.4455755677368805,-15.679696616102689,5.024913573434175,-7.815095035984498
2007-12-31,-0.61356,0.28097,0.272165,6.41991065730696,5.642857142857127,8.47457627118644,4.353811348005898,5.765294341798266,7.571350784227793,1.4069076860981466,7.77171645366177,-4.819337403663293
2008-01-31,-6.05788,1.68016,0.214877,10.733988966178941,14.266396213657885,-4.7812500000000036,3.958608161588173,-0.025447678234202797,6.340897306106319,7.3520213794279865,6.279216496028006,9.001524790998472
2008-02-29,-3.01346,0.13842,0.132559,5.220405068775058,17.2189349112426,11.169456295810098,12.083563025909339,11.258373077541407,16.00065014976664,15.423728813559311,14.037265404697962,14.273310501181813
2008-03-31,-0.69331,0.34105,0.171031,-3.9114770972722646,-13.023725391216544,-0.08856524306238844,-6.460159334821203,-1.1741444976802518,-16.15557067937067,7.264133627019098,-12.653660037150527,-4.757281553398062
2008-04-30,4.98127,-0.20881,0.175735,-6.695232994108191,-2.0893789901334836,12.87304245050722,3.449438982529607,7.964533839551802,1.8657339986153154,6.68235294117645,1.4168450139517175,-1.56894030049195
2008-05-31,2.09377,-0.73344,0.178454,1.6991963260619913,0.059276822762277526,11.204188481675391,2.586884805707923,9.104010527111694,-1.975696356797163,6.592613385732049,-0.31253339031946936,-6.929623125759832
2008-06-30,-8.14234,-0.08016,0.173938,5.023707383156473,3.1398104265403015,10.098870056497189,8.921368376280125,9.216529800995698,14.73622550836211,13.709040291937868,16.89621908411263,4.625060474117082
2008-07-31,-0.86236,-0.08171,0.152654,-1.322154143824572,1.8380241240666395,-11.602879338607375,-11.985804646532284,-12.226278927703827,-10.715997416074519,-32.03970223325062,-14.119359534206687,-6.020530842504391
2008-08-31,1.56999,0.94866,0.126482,-9.259259259259256,-23.124647490129725,-6.788680158026283,-7.417736454366819,-7.102286214948217,-4.706335406625984,-12.92536877464584,-4.131856399306022,-6.420980122023234
2008-09-30,-9.2975,-1.34303,0.152959,6.182472989195675,-11.445341159207633,-11.841536199290715,-11.645224315257874,-12.441953655845284,-15.859662013225561,-11.064519736106448,-18.17523735278559,-13.40764498659236
2008-10-31,-17.56873,-2.36041,0.08194,-17.377049180327873,-18.309859154929587,-33.41836734693878,-21.34035857333586,-28.198628074462317,-16.537862579865813,-13.396617841201985,-16.19653611895606,-26.93545449025442
2008-11-30,-8.00441,3.25488,0.02622,11.453201970443349,4.361054766734274,-18.77394636015326,-6.985572697238829,-14.840714553607215,-4.467617619363173,-7.694541231126606,-6.8597994234439135,-10.529377545084351
2008-12-31,1.7326,3.73121,0.00092,6.789441375076732,10.398445092322639,-21.58925979680697,-4.487874023445448,-13.319694359713107,5.633031542056077,-14.296948726014469,10.320625994463706,-9.975849897826484
2009-01-31,-8.16773,-0.8826,0.0005,5.713957231547484,11.531690140845075,-3.6094400740398047,-5.385350209818829,-8.938801969269583,-1.3979609469500387,-21.921453477702325,-4.111510649227479,-5.623194387123398
2009-02-28,-10.40092,-0.37761,0.01356,3.534529635671557,3.630623520126286,7.081132981277016,-4.455061750653567,-6.1004603861746665,-7.912584777694043,-5.899635679868387,-10.007623678734056,-0.16398819285011745
2009-03-31,8.69718,1.39015,0.01586,-3.7289915966386533,-1.1424219345011477,9.594261376373003,3.579650526474709,4.505459122442401,5.707380200205514,-11.739727738229044,8.471471746496938,11.016206745510292
2009-04-30,10.51663,0.47863,0.01354,-3.62247681396618,-4.6224961479198745,3.9885457148701287,0.7186970541618765,-0.9187108917657616,4.907732469169135,-13.980472619216078,3.5735393448159236,9.59755375813771
2009-05-31,5.29371,0.72507,0.00213,10.43812974074494,27.463651050080774,30.448465774980306,12.988034837344342,19.665179707244263,11.446517135453327,9.096890936009228,12.490574497136686,5.661056610566106
2009-06-30,0.37821,0.56844,0.0079,-4.202972834443875,-13.814955640050696,6.453558504221957,-1.9178433067588818,0.5712179841532938,-9.70881261452703,-5.186972255729816,-12.96786115438966,5.698466780238509
2009-07-31,7.8121,1.61335,0.01354,0.48154093097914075,2.4264705882352855,-2.5495750708215303,3.2145655154403485,0.44301002527460387,0.7026400163721913,-8.269720101781164,-1.781848459616986,15.303408816181818
2009-08-31,3.60548,1.03538,0.01138,1.757188498402562,7.071069633883709,1.0901162790697638,-0.5977465902352264,-2.3643039217979056,1.7528112721853395,-16.747572815533985,-4.064937266870105,4.8783897120491915
2009-09-30,4.13789,1.05069,0.00828,4.217687074829923,11.565538048944024,1.250898634076214,1.5622141442423132,0.1726946107784455,-1.6593712031689356,21.074552269887548,-3.3225820704281483,-0.7197121151539476
2009-10-31,-2.58449,0.49386,0.00363,4.438642297650142,-2.043269230769229,9.414938937801764,3.2730277327443824,5.8727323592072,2.8915479132112454,-9.87788097695218,6.139573145651478,3.8797153980399957
2009-11-30,5.61239,1.29449,0.00046,13.057692307692292,13.098159509202434,0.46722907203113895,3.512229821912438,1.5242263687322621,6.9197049075163,-10.055919232017107,10.407803861456056,4.639441716205739
2009-12-31,2.84081,-1.56351,0.00594,-7.509780574927705,-8.570653647952254,2.842010076217538,1.973648542713402,0.8644565113418157,1.0782861265851595,11.844338821931766,-3.08405693103575,7.546004693096209
2010-01-31,-3.36884,1.52778,0.0031,-0.8275862068965467,-3.975081578166728,-8.717497801783692,-7.282776517685152,-7.894498882926748,-9.00669992785631,-7.247201669512437,-13.145880909026896,-8.756316031235645
2010-02-28,3.4213,0.37332,0.0008,2.7630968938340272,1.7917825146740896,9.577542314572707,3.7049033479890747,5.558615207053252,3.07905380315332,-5.545101247698914,5.147818512873026,6.053741111320887
2010-03-31,6.23154,-0.12279,0.0069,0.6496435983037063,6.221547799696503,4.709280421951534,-1.2553817553077717,1.935186781478837,-7.994755409295518,-20.702050715693275,-8.052434456928836,9.642200201744489
2010-04-30,2.1469,1.04116,0.0114,5.7194083370685656,6.542857142857139,3.370112736867359,1.9311140151810235,2.775014631693029,3.346114366139541,-0.9312105737458665,6.06996525697856,-3.2308691416820023
2010-05-31,-7.90212,0.84108,0.0109,2.3912490460442637,-0.4022526146419958,-13.92272885485555,-6.934553393856291,-13.189068870618847,-5.296625355400897,7.186173438447541,-6.168070605828568,-11.330462502097195
2010-06-30,-5.52134,1.56816,0.0132,3.0227743271221463,0.1615508885298933,1.5635530394931818,0.3067102947769129,0.41703560516306304,2.1617452542880056,4.824482448244827,-0.06524177977648149,-5.707978555660686
2010-07-31,6.94028,1.06738,0.0143,-6.028938906752412,-3.279569892473133,4.804246848042482,6.760394474305964,5.630195952776607,13.852973445895177,5.826648021392988,16.47286121409661,10.655518394648844
2010-08-31,-4.69062,1.28655,0.0128,6.586826347305386,7.726514730405776,-9.256679751804487,-2.5583974745266302,-5.524803416230862,2.3194562578530142,-20.514187685459937,2.5746297211713953,-1.4265852626488607
2010-09-30,9.4033,0.10672,0.013,4.895666131621179,12.22910216718267,11.359196204298083,7.247264234960471,8.4882108873507,9.40017322205129,-6.652667191646977,7.638904291893089,10.290059483657332
2010-10-31,3.91795,0.35584,0.0109,3.0451415455240882,13.67816091954024,2.0426065162907348,4.971491989316701,2.556713897658014,13.449872319222699,-6.136349434481037,12.107474630914217,1.740339171531824
2010-11-30,0.59508,-0.57478,0.0108,2.7249777249777285,13.589484327603628,2.664865528674909,-0.36579420188689316,1.0825115879521174,-4.041328272828093,-1.993875241328802,-5.308538209477476,-1.8745218056618107
2010-12-31,6.81977,-1.07832,0.0133,1.5901698590531366,10.058750222538727,9.330143540669877,10.674715923612045,9.402573834526562,15.528221166987667,6.205210066908928,14.106677113442823,12.603731551099973
2011-01-31,2.20615,0.11615,0.0069,-5.585200996086803,-9.236493044322225,0.897155361050328,0.9895752831558413,3.051739588664515,3.9128726643651968,-0.044771346338334794,3.4030701089662996,1.6717776238994952
2011-02-28,3.62138,0.25023,0.012,6.330067822155239,20.566743895918748,5.05313381045327,1.3071959190219085,3.745580819234151,0.9385236309490397,-9.578960839518814,0.22090044224956085,2.432379840435872
2011-03-31,0.44136,0.05526,0.0071,1.9844082211197822,11.308203991130817,10.218827415359222,2.054968078837782,4.35149515239126,-1.9110051190260102,6.786497770858402,-2.3397860630588796,-3.8041413373860133
2011-04-30,2.97733,1.26958,0.0041,6.7060458651841515,27.490039840637447,6.5087094961603364,3.4579338385295033,4.411738040927915,0.03380051492303249,4.625579854208084,2.5782939221454138,-0.5085164156998223
2011-05-31,-1.14136,1.30519,0.0014,0.06512536633018762,-19.8125,-9.80392156862746,-5.06181981529018,-6.88840765702794,-1.7669771485212538,-1.995186217380296,-1.4857782981626655,-2.7491067884081066
2011-06-30,-1.78405,-0.29292,0.0032,-2.017572404816137,-9.872694206287358,-7.282121271202957,-5.04780787502942,-5.3053969722345995,-8.169476470793114,-6.847411620241706,-11.730558697400983,-0.44392284927031733
2011-07-31,-2.249,1.58688,-0.0021,8.1700431750249,14.903430383395788,0.8726737461886236,2.9593087926827133,2.4347826086956514,2.7888805124484772,-5.6440142921566405,4.890474811862,4.525652196197005
2011-08-31,-5.99336,1.46107,0.008,11.360147374884866,4.139488208730557,-7.515113612674584,0.9938297916771477,-1.844499093420915,9.212328925093761,-3.547794117647063,10.733061677786026,-7.487496322447784
2011-09-30,-7.75492,0.72725,0.0005,-10.66997518610422,-27.896892315104793,-11.247605094105717,-14.73618082048157,-12.168801200405888,-18.96995934744733,-12.151705736611396,-21.44280419401988,-20.061483012667615
2011-10-31,11.52736,0.10765,0.0004,6.296296296296289,14.333444704310061,17.574603174603176,6.616400954054735,9.746126550885116,3.8491259390535326,-2.0479888922636413,5.242120203969769,9.32237103832383
2011-11-30,-0.28807,-0.08691,0.0002,1.3937282229965264,-3.9888953828170703,8.553839507506211,-2.2199268253032645,1.4166626022208195,-6.181197164629881,-12.478405315614616,-7.019011718868473,-3.0143134400776317
2011-12-31,0.82148,1.09912,0.0001,-12.313860252004583,-15.598843402830608,-1.4426425231320317,-3.7489155690081266,-2.1074336279639283,4.030237817869575,-16.317441036542156,6.1294617846371136,-4.252391970483382
2012-01-31,5.05811,0.87764,0.0003,13.91247550620509,19.509556437071772,-0.7874015748031482,2.4707812471122415,2.232225101632257,-0.6765183091927862,-17.01342687794847,-0.001988607089220551,10.913722160538164
2012-02-29,4.2463,-0.02281,0.0025,1.4908256880733939,4.496077248038621,8.781033781033788,2.69194297015527,6.063300035440333,3.525883315383971,-3.170322862765107,3.9988068120186737,0.7772936049935231
2012-03-31,3.0873,-0.54793,0.0046,-6.073446327683618,-6.84377707190299,-3.7227574595454005,-4.143972406842367,-2.3501405478060677,0.3294643672095976,-21.548998946259225,1.4478695683161957,-5.393245296248683
2012-04-30,-0.6323,1.1089,0.0026,-0.6736842105263152,-3.95226286422814,1.894491401923637,-0.43015572003515246,-0.5132775526616951,-0.3481975728360953,0.3645783363714905,2.376848050336866,0.3026372676178113
2012-05-31,-6.19549,0.90466,0.0067,-5.650093865439343,-10.601904147167984,-17.524790236460717,-9.139107251169044,-12.978008546294383,-9.901153542164831,1.1757958130197865,-9.108240063334893,-9.655172413793112
2012-06-30,3.9522,0.03923,0.0022,2.5994865211810048,-0.8303249097472931,-1.8728323699422011,5.4856366583605265,1.201367504572115,13.862686202550623,12.197656840513993,17.60069681663079,0.3748636859324028
2012-07-31,1.01843,1.37941,0.0042,1.4701282452298958,1.7473607571896643,3.4872761545711617,6.45961898165206,6.373523564495387,14.282980181049986,13.280000000000003,19.769659578466083,-2.485231207985328
2012-08-31,2.46882,0.06546,0.0059,1.6337854500616533,13.52415026833631,9.904371584699456,1.2891120837350778,6.365227925192074,0.5106171459413389,-14.436515016354445,1.6894307943933207,0.27156883225400996
2012-09-30,2.58025,0.13722,0.0065,7.734303912647866,8.72990860384495,-4.609488295007258,1.6973515262536099,-1.4222639993447306,-4.434244598208592,12.041702867072113,-4.924819521853441,11.020833333333346
2012-10-31,-1.75076,0.19669,0.0064,-3.2094594594594628,-6.521739130434778,-6.547942230426762,-3.8816587332102803,-4.065830367511348,-3.343153836159374,2.0626550868486415,-2.4988843662524074,-9.282542065428167
2012-11-30,0.74306,0.15783,0.0077,0.40721349621872793,3.6434108527131803,3.218684638624203,0.04287467703878445,1.4771234551862245,-2.8182703885145877,-6.777085549308614,-3.4916249544043043,6.9778666482796625
2012-12-31,1.21992,-0.14239,0.0101,-3.9687137891077584,-9.22961854899027,3.309692671394804,-2.613464161767143,-0.6484559797761413,-4.467040722954819,-6.609616951915253,-6.078300059209352,-0.7412181759587577
2013-01-31,5.51613,-0.6994,0.0017,0.44042232277525795,3.658536585365857,6.15669608804621,2.3907983493288043,4.357528415773326,3.0771820012202022,-0.7766820839514743,3.660214125816119,2.279220779220781
2013-02-28,1.28082,0.50147,0.0023,-4.583133109082171,-9.284578696343393,-5.727776637240812,-4.093525361738715,-4.385296106467007,-3.729546919777238,1.6270888302550635,-4.777832557398054,-5.637737286521494
2013-03-31,3.92708,0.07978,0.0038,0.6169342146679302,-0.578338590956895,5.8253484320557325,0.6660486531846033,0.7697337807560212,-2.4327890277573427,13.967979229770666,-2.503356100041232,-4.534750723272563
2013-04-30,1.68066,1.01212,0.0038,-8.089845460802103,-14.225277630883127,-4.249408375347253,-2.7965567858291185,-4.730199802272638,-0.37220241062411175,6.9329485913888655,0.20749032109326215,-5.067305659313548
2013-05-31,2.40138,-1.78459,0.0016,-5.071477195370999,-8.508014796547458,-1.4936600042983028,-2.2465494688381993,-1.489111380150443,0.031432097688388616,-9.331060928845336,2.2735422451408027,1.6035634743875482
2013-06-30,-1.27151,-1.54658,0.0017,-14.521333811401938,-11.680143755615457,5.257990618522945,-4.718076697836249,0.23365752049921973,-4.162610635075148,-11.21553884711779,-6.136718695458587,-7.109454917433888
2013-07-31,5.41743,0.13666,0.0005,10.276845637583886,0.9664292980671396,9.182298683801427,1.3584399954043702,4.913750413569851,-2.974786114899086,-3.1757233592096035,-4.225459197418946,0.9203177849445465
2013-08-31,-2.86654,-0.51144,0.0014,6.108786610878658,18.43828715365239,2.2971048884670164,3.3984611250575725,3.3759996702118933,2.3631137433829386,2.1592565597667646,2.9120315881392633,1.7381137957910964
2013-09-30,3.68355,0.94673,-0.0002,-4.896759392027528,-7.741386643981285,-5.06634499396863,-2.5560295757966145,-3.3917601622206917,-1.942192357080974,-3.3621689110853503,-3.7432168657727583,1.5705201869302243
2013-10-31,4.24941,0.80842,0.0028,-0.18846588767432726,0.9681881051175623,-5.90362623399473,-1.4807611971649814,-1.4428474721791096,-2.2668903738575996,-3.8021410114433274,-1.7564153934600535,0.4073012520742214
2013-11-30,2.91636,-0.37403,0.0021,-5.36253776435045,-8.721461187214619,-3.614833281396068,-0.8056498501534337,-0.7794160452488597,0.14355210618075542,7.943207981580969,0.17998751613681474,-4.800180288461542
2013-12-31,2.62742,-0.56515,0.0024,-3.870710295291302,-2.6513256628314052,6.358443797823021,1.2335452168424688,1.927334508194134,-2.810346207359382,6.878777106292211,-3.9255287701591146,4.892290696756896
2014-01-31,-3.13087,1.47755,0.00206,3.8605230386052236,-1.5930113052415318,-1.2361941432769252,0.293515385502352,-1.6364114488753523,-0.46760968675785275,17.886246465990354,-1.1054487569228777,-4.9198826450011275
2014-02-28,4.75469,0.53146,0.00456,6.0351718625099915,10.835509138381227,5.376013132245805,6.230306547859743,4.508213975968567,11.507720531141196,-1.086266487973464,8.282007429680727,1.9700925706147565
2014-03-31,0.52442,-0.17032,0.00243,-2.6159065209197196,-6.9022379269729095,-1.1488657384869927,0.4068569313090409,0.13978971115495842,4.963581744535972,-3.936390216073604,8.375643688029166,-1.5673494723773995
2014-04-30,0.07573,0.84413,0.00172,-0.2554575011611715,-3.0364372469635748,-1.8024229291834892,2.4330339554307967,0.7414201635710382,3.4812649811329255,9.546433078464855,3.186368673222173,2.979662620211254
2014-05-31,2.18378,1.13824,0.00072,-2.949165696546374,-2.24425887265135,3.199598796389158,-2.8767079546345165,-0.1753054867821957,-7.186415899245668,-6.214000135528897,-7.974485093996197,2.717391304347827
2014-06-30,2.52974,0.05166,0.00244,5.157936825269882,12.226374799786432,2.565847021090484,0.593578236660175,2.116960889027575,-6.275515342128301,-1.7341040462427793,-8.627062849729416,2.5709814442208767
2014-07-31,-1.9921,-0.25086,0.00053,-2.2585551330798537,-2.949571836346343,-7.476546953472951,-4.986005758140289,-5.29707411281255,-7.317254603762347,-13.492647058823525,-10.63053139849124,2.215925603022395
2014-08-31,4.18683,1.10403,-0.00017,0.038901423792103706,-4.509803921568622,-1.8230233510856175,-1.0474200304422587,-1.6394968376552854,-2.250263818908771,4.742881427964285,-1.4339559289900938,0.4762243229796015
2014-09-30,-2.13051,-0.67867,0.00047,-5.389640690620623,-12.782340862423002,-4.704777800959736,-6.227399673709955,-6.023865846606736,-9.545972904344113,0.12172360626472312,-12.436569838088218,-6.649688737973969
2014-10-31,2.75328,0.98275,0.00137,-4.290998766954379,-4.708652148322523,-11.71319102353584,-0.8051919165707577,-5.98375126139169,8.911074166777343,-8.08072621170367,14.27930951866989,1.4701424674143704
2014-11-30,2.42163,0.7094,-0.00033,1.5889375590483645,-4.508956145768995,-18.102913825170496,-4.069596089572913,-10.92045389638825,-1.1427689458249901,3.262498897804411,0.8919434486681199,-3.3756534727408583
2014-12-31,-0.01361,0.09353,0.00049,1.9614474129185044,1.6170763260025867,-18.57683573050719,-7.6290162211552275,-13.630315951461135,-1.9235092803077558,-28.870292887029294,1.173943635892316,-4.351522646467765
2015-01-31,-2.7844,2.09692,0.00117,4.50248756218905,9.866327180140043,-11.175158051320189,-3.3425190623846857,-7.496597376886916,-5.7358128932018975,-7.082833133253297,-8.730478282088827,-5.35757575757575
2015-02-28,5.80306,-0.94024,-0.0001,-3.6737284773466605,-3.7079953650058006,3.433117019049603,2.574937054559978,6.4652477051948765,2.211282709471485,0.5167958656330685,4.311460763278507,1.127049180327866
2015-03-31,-1.02667,0.46435,0.00186,-2.224052718286651,0.27075812274366395,-3.82513661202184,-5.1382520333456245,-6.8054111609120005,-5.371927453452274,-4.730077120822629,-3.564242659843053,-1.0722728807835202
2015-04-30,0.45664,-0.35881,0.00275,-0.564448188711042,-3.1203120312031207,25.715488215488215,5.731683703107349,11.057860821267763,-0.5259059305846026,1.929303831624396,-4.068519638265212,7.800631560979765
2015-05-31,1.39237,-0.24083,-0.00078,0.9404388714733702,3.666769897801192,0.9373953799798995,-2.699448948452543,-1.987120738524284,-3.5052675552996737,-5.704831237590991,-3.067495994200231,-7.695352703665581
2015-06-30,-1.70539,-1.09036,0.00039,-1.712271277488675,-5.717870586126561,-2.1558872305140864,1.726360002575622,-0.11208332559277112,12.811053872347866,5.92363840539023,18.51365771396449,-4.846041684535551
2015-07-31,1.65334,0.69511,-0.00098,-6.199829205806995,-6.083650190114065,-20.728813559322024,-10.620883208750287,-14.102079277894186,-11.115142250859444,-4.426186058839132,-13.045584177280055,-7.310257797007392
2015-08-31,-6.00472,-0.1436,0.00331,3.332119446467585,-1.3157894736842146,2.9719905922599876,-0.9259914994873775,0.29951248028809996,-3.85313811250656,-2.7454242928452444,-3.545797671575146,-2.800739083924919
2015-09-30,-2.94806,0.67643,0.00086,-1.8502202643171817,-0.5811965811965858,-5.710132890365449,-3.421647634296976,-6.326745746491236,2.221136266294854,-8.582834331337331,2.858772333410009,-1.3506753376688385
2015-10-31,7.86723,0.01661,-0.00193,2.549371633752262,6.911966987620355,2.224179696102202,-0.44692979159977053,0.22968021447062892,1.5816645778382377,-13.50592638802246,-0.7653025565997673,-2.8093306288032416
2015-11-30,0.55304,-0.26418,0.00219,-7.046568627450977,-9.379221614667099,-10.18957345971565,-7.263959628909877,-8.966125076640097,-2.723952465748447,-10.241615578795527,-4.558676110499416,-8.692476260043824
2015-12-31,-2.02215,-0.32316,0.01016,-0.17892456916848154,-1.6824022148079765,-10.985847925161906,-3.107250909925119,-8.629326239044966,-1.0266200179695817,0.4419445560466029,-2.5886815287094245,3.3600000000000074
2016-01-31,-5.68249,1.37612,0.00604,4.886792452830191,2.974729241877272,-9.054163298302342,-1.699873215985992,-5.170872838175256,-0.8306077345980878,-2.759999999999996,2.6150524601340708,-1.4153029632905767
2016-02-29,-0.03224,0.70939,0.02013,11.072135276128803,4.438367690366007,0.4740740740740712,-1.6537733381332687,-2.010804613336703,-2.809390772135234,-25.791855203619907,-4.709489604327066,3.3198743831314603
2016-03-31,7.02864,0.9175,0.0205,0.17005425540528307,3.6522322927156736,12.41521675022117,3.7933381876404937,4.930614430413649,4.408545301454891,8.342572062084264,2.317726020251376,0.34737299174989467
2016-04-30,0.61678,0.38384,0.00695,3.9369442198868176,15.583910875056661,20.67156348373558,8.491104593338328,10.13966849993384,7.006136488098358,8.672294704528017,8.546521019262588,7.161401990480321
2016-05-31,1.79458,0.02565,0.01286,-5.724508050089461,-10.383861025497332,6.239130434782614,-0.2130483334405131,2.218323151897872,3.406647142023367,-1.4595103578154411,1.737624107703395,-7.288512012921455
2016-06-30,0.1874,1.79678,0.01942,8.967906938371417,17.01475737868934,-1.0026601186822082,4.106011017327504,0.0801594795929006,1.759497489822004,22.21691352126136,-2.9491958504649807,6.729094076655051
2016-07-31,3.9865,0.63222,0.01891,1.6050878255602807,8.667771068241326,-14.46878875568417,-5.1342659971657545,-9.567820989155685,-7.437468665626213,-1.426896012509793,-9.959283061612345,3.1524178739032793
2016-08-31,0.2521,-0.11435,0.01823,-2.436661698956788,-8.261617900172114,8.361527307878202,-1.789492043867591,1.7690702527243252,-4.809024591255406,-3.5693039857227715,-7.765700356743077,-4.1341113638611375
2016-09-30,0.17871,-0.05859,0.02159,1.0081723058122716,2.814258911819878,7.158786797502215,3.1040427580591334,4.144624427585275,4.217005260859619,-3.2284597984783003,3.975829136609055,5.178995151139998
2016-10-31,-2.19349,-0.76489,0.01574,-3.81852551984877,-6.621480709071948,-2.7679500520291334,-0.5166272175482378,-1.4971933094447554,3.0806680101358896,0.14874628134295964,4.672231964371898,1.2849435998038228
2016-11-30,4.44059,-2.36537,0.01404,-7.3820754716981245,-7.872696817420433,4.880136986301364,1.2960962814380528,2.5348784528669066,-2.8905863700591117,4.922554636112886,-2.517658522859023,10.294402479178766
2016-12-31,1.9459,0.14104,0.02534,-2.7332144979203665,-3.400000000000003,9.979591836734691,1.7591553635692314,4.715264721935841,-2.2987464348229403,11.183013144590493,-0.7018650473344601,-5.083852840460102
2017-01-31,1.9432,0.19622,0.03658,5.838205777118399,10.201392810088471,-2.02263870848024,0.08889965537102196,-1.4127273705068943,3.274602173671126,-15.387413604947241,2.274440137812217,7.400555041628132
2017-02-28,3.69118,0.6721,0.03636,3.5290237467018537,4.2413891261030345,2.253787878787894,0.1673665006701519,0.23246445895366286,-0.32505082286345965,-11.908856405846945,1.571439850514511,2.204995693367784
2017-03-31,0.08189,-0.05244,0.03358,-0.8521822236380872,-0.2730748225013513,-5.927023522874608,-2.721714908341566,-3.914681625989025,-5.884048675197196,11.151781356759404,-5.258834899634901,-2.106859935951455
2017-04-30,1.04117,0.7717,0.05435,1.7350791228210927,-5.640744797371311,-3.1305375073833352,-1.5676478720761944,-2.1061437179492826,-1.295638323940207,0.5927552140504888,-0.8601238906589814,-3.4693526170798905
2017-05-31,1.01699,0.76971,0.06379,-0.02368732727989764,0.5745792222867196,-1.1585365853658547,-1.4088329397425103,-1.536373144624692,-2.2455391776570965,-8.42426887821912,-0.9051034482758569,-1.1236957103362033
2017-06-30,0.92007,-0.10065,0.0615,-1.8875375138208916,-4.149114201627335,-4.7090273493728185,-0.27466159277164115,-1.9219555852879044,2.995702568538672,-1.8589132507149553,6.08792964737388,3.2831243799043897
2017-07-31,1.8902,0.43032,0.07241,2.036545117926414,1.3245033112582627,8.308157099697876,2.1667834923494222,4.584733225489801,0.7576268345915516,-7.819329771733852,-2.3986585775464087,4.025849270806048
2017-08-31,0.18221,0.89698,0.08501,3.4869043862417293,4.664289958407597,-6.1964534767882,0.31401266715249676,-0.7764543094976761,-6.94421608476371,7.060063224446789,-8.604989420535702,9.536601746138329
2017-09-30,2.4406,-0.47629,0.09415,-2.1878335112059832,-5.46125461254613,9.048428207306713,-0.23223261060874023,3.3215346831462877,-0.08649523762562783,-3.0511811023622104,1.1896181984520693,-3.8320049049662686
2017-10-31,2.16821,0.05793,0.08541,-1.0053776011222704,0.3422806701495418,6.018698870276573,2.0462965265173105,3.817817628499953,-1.015399610537293,-8.680203045685264,-2.6227887843946696,5.722027414727449
2017-11-30,3.03138,-0.12836,0.08282,0.7872775940796828,-1.5858767205266355,5.162594157633671,-0.5626060179931724,1.3820343811069336,0.2993520617068146,-0.027793218454696955,-0.4713953481429223,-4.251469923111717
2017-12-31,1.00926,0.45895,0.0883,0.8436181846586344,3.0647613256308937,5.22361984626134,2.875151831959788,4.412617513252148,-1.5999950291416543,-3.669724770642213,-2.093981714779347,9.04581955597543
2018-01-31,5.30607,-1.15169,0.11224,4.190549961270329,2.2479202312820634,7.803420222480506,1.8518182457461618,3.4192380050924953,1.2178770714539766,3.0591630591630503,4.200022671360237,0.08663634394627806
2018-02-28,-3.70422,-0.94795,0.11042,-2.0221544866552588,-5.3144835545296925,-5.2518096411520165,-1.8476594124059997,-3.3398509150457834,4.588510527683898,-11.173340800896103,5.008938232111748,-2.2938757844622404
2018-03-31,-1.982,0.6413,0.11738,0.455269747325282,-0.2681455298921609,5.42912873862158,-0.757877443956223,2.2215962000453837,-2.9405098023621012,1.387137452711218,-2.506243910087691,-4.481358434846805
2018-04-30,0.35662,-0.74375,0.14334,-0.8082181433643032,-0.13443324167429216,5.65834104224483,2.4237220899272716,5.0371277654443825,1.2768590046932315,-0.8084577114427782,2.852121069394631,3.3544597310248836
2018-05-31,2.82498,0.71368,0.14039,-0.593968930855926,0.19580248424402313,-2.2034145629651336,1.2533345239025495,1.4474163690693098,0.4195119583157991,5.423197492163001,-0.8887883661707563,2.2659288064612593
2018-06-30,0.66053,-0.12299,0.13556,-4.20560747663552,-1.5633587786259562,10.996717397791711,-3.64478553373776,1.3552831977930335,-10.61741375906925,-0.7731192387748997,-11.876487906577083,-4.906764168190136
2018-07-31,3.34496,0.02378,0.16189,-2.3590563774490203,-3.6044419629009172,-6.869202849845413,-2.3050126130454873,-3.5309127638084137,2.5185522380996472,-4.1054839676355925,6.273538156590686,-4.860043063672714
2018-08-31,3.4765,0.64345,0.16263,-1.5151515151515138,-6.519500579225124,1.746535796766735,-1.9423922093525614,1.0775086149256818,-6.132466373430223,4.249999999999998,-6.230502417173822,-4.518267054639513
2018-09-30,0.15809,-0.64395,0.15062,-1.2640332640332708,0.8605851979345935,4.6247694708469345,1.749546192796414,3.928616860813783,-2.251390433815348,2.338129496402863,-3.127025171477893,1.9808685346651922
2018-10-31,-7.40735,-0.79024,0.1892,2.3330245093910573,-2.682593856655291,-11.932203389830509,-2.3599488268917224,-5.843102145874712,1.9625740577033035,6.356180433509073,-0.23612789985263394,-5.7109653855731635
2018-11-30,2.00389,0.59696,0.17771,0.21399176954732813,-0.5751560636880093,-22.093918398768288,-0.756819004138698,-11.281180822772585,0.2297916133110034,39.68603690443404,1.8543231023562479,1.6550752707104488
2018-12-31,-9.3254,1.83713,0.19225,5.042706964520383,9.312169312169294,-11.067193675889332,-7.080002955401287,-7.751723791462062,-2.5934113333692776,-33.103312302839115,-1.4454352275542037,-5.308738200398366
2019-01-31,8.013490576,0.62534,0.20526,3.4636434714620856,3.6850596966763405,19.355555555555547,5.226851453554304,8.988549878146767,2.8239450517185904,-1.2967875036840604,1.6594299471217822,7.819645143588794
2019-02-28,3.210844727,-0.26958,0.18341,-0.3098314819013015,-2.863189343956174,6.0137776950288435,0.8240301665403127,3.8134022893738573,-4.079559604168037,-1.6721409375933138,-5.208662019251098,3.3166511154465894
2019-03-31,1.943133165,1.7493,0.19214,-1.8041237113401998,-2.9539920543380727,5.672637864418695,-0.37252550669366613,1.609235051802771,-2.4088506717550584,-5.709079866383238,-2.804402211400858,0.7060755336617319
2019-04-30,4.048929642,0.02377,0.20917000000000002,-1.0112706499922908,-1.3205678441729929,5.501080272561065,-0.6331455519489992,2.8493267488542307,-3.5449431178897317,-5.217391304347818,-4.089652469573879,-3.619761943583888
2019-05-31,-6.354802751000001,1.98072,0.20542,1.0371987834359997,-2.4422883907661452,-16.115311909262754,-3.561331350885777,-8.213294644604874,7.348381945812554,-6.252123683316357,12.207153480290378,-6.073422432752484
2019-06-30,7.047671159,0.58837,0.17926,8.752701451065148,5.061728395061715,11.51173708920188,2.5078406214327886,4.430422092313346,0.3346855983772823,-6.197897789054007,0.11614020813375259,1.8731988472622474
2019-07-31,1.437312233,0.04295,0.18506,1.3200851667849456,6.182269225747494,-3.0986864264062053,-0.8661318468858759,-0.21182283762517518,-5.3091892776518375,-2.163833075734156,-5.844513334076118,1.211103253182455
2019-08-31,-1.584136609,2.21599,0.16489,7.060801344914558,13.003381494005527,-4.118873826903025,-2.4805257139093984,-5.6230137074251285,-5.210626108792571,-0.35545023696680333,-5.96958823345155,0.3406411040265622
2019-09-30,1.8710697960000002,0.74153,0.17685,-2.819942423449373,-7.480957562568014,-1.6494471633134,1.00682558399261,1.7491868449584613,4.014264837978798,0.23781212841853527,5.0682715761499075,0.3394846796657358
2019-10-31,2.165899154,0.20790999999999998,0.15225,1.7302901770686052,6.645104381064404,-0.534463693328413,1.8732394185114964,1.244834084802493,1.5923550459377767,1.8979833926453082,1.2491897528393858,1.630953413724301
2019-11-30,3.6299039050000004,0.00232,0.12285,-3.362011912640628,-6.093189964157708,2.575504910135251,-2.6829739249615403,-0.012794690616124704,-0.5727074573768198,-16.49204501358168,-2.512438676455242,-5.010670081092616
2019-12-31,3.018284823,0.09483,0.13843,3.73921380632789,4.815032295948329,10.585260115606943,4.897238778485002,6.988033369520785,5.606937596341344,-3.1133828996282586,4.483045372944683,2.911574406901507
