Date,SP500_price,Cash
Jan-1930,22.790001,0.1393
Feb-1930,23.280001,0.2964
Mar-1930,24.15,0.3475
Apr-1930,24.9,0.2104
May-1930,24.49,0.2581
Jun-1930,20.459999,0.2693
Jul-1930,21.209999,0.1984
Aug-1930,21.370001,0.0888
Sep-1930,18.59,0.2192
Oct-1930,16.940001,0.0866
Nov-1930,16.379999,0.1307
Dec-1930,15.34,0.1398
Jan-1931,16.190001,0.1451
Feb-1931,18.030001,0.0407
Mar-1931,16.690001,0.1295
Apr-1931,15.09,0.0755
May-1931,13.02,0.0875
Jun-1931,14.83,0.0761
Jul-1931,13.73,0.0587
Aug-1931,13.86,0.0346
Sep-1931,9.71,0.0256
Oct-1931,10.43,0.1024
Nov-1931,9.5,0.1673
Dec-1931,8.12,0.1249
Jan-1932,7.94,0.2311
Feb-1932,8.29,0.2301
Mar-1932,7.31,0.1628
Apr-1932,5.83,0.1145
May-1932,4.47,0.0612
Jun-1932,4.43,0.022
Jul-1932,6.03,0.025
Aug-1932,8.39,0.0331
Sep-1932,8.08,0.0309
Oct-1932,6.96,0.0179
Nov-1932,6.55,0.0185
Dec-1932,6.92,0.0108
Jan-1933,6.94,0.0108
Feb-1933,5.66,-0.0265
Mar-1933,5.85,0.042
Apr-1933,7.83,0.0979
May-1933,9.64,0.043
Jun-1933,10.91,0.0236
Jul-1933,9.95,0.0191
Aug-1933,11.09,0.0254
Sep-1933,9.72,0.0151
Oct-1933,8.96,0.0085
Nov-1933,9.88,0.0181
Dec-1933,9.97,0.0201
Jan-1934,11.17,0.0471
Feb-1934,10.76,0.0248
Mar-1934,10.62,0.021
Apr-1934,10.46,0.0063
May-1934,9.61,0.0065
Jun-1934,9.81,0.0063
Jul-1934,8.68,0.0065
Aug-1934,9.15,0.0065
Sep-1934,9.08,0.0058
Oct-1934,8.81,0.0116
Nov-1934,9.54,0.0083
Dec-1934,9.5,0.012
Jan-1935,9.1,0.0129
Feb-1935,8.74,0.0172
Mar-1935,8.45,0.0125
Apr-1935,9.28,0.0129
May-1935,9.58,0.0129
Jun-1935,10.24,0.0121
Jul-1935,11.08,0.0133
Aug-1935,11.24,0.0129
Sep-1935,11.59,0.0125
Oct-1935,12.46,0.0125
Nov-1935,12.94,0.0239
Dec-1935,13.43,0.0129
Jan-1936,14.31,0.0129
Feb-1936,14.6,0.0121
Mar-1936,14.92,0.0172
Apr-1936,13.77,0.0167
May-1936,14.4,0.0161
Jun-1936,14.84,0.0306
Jul-1936,15.85,0.0129
Aug-1936,15.99,0.0171
Sep-1936,16.01,0.0109
Oct-1936,17.23,0.0197
Nov-1936,17.280001,0.0083
Dec-1936,17.18,0.0028
Jan-1937,17.77,0.0113
Feb-1937,18.059999,0.0171
Mar-1937,17.92,0.0141
Apr-1937,16.43,0.0345
May-1937,16.26,0.0634
Jun-1937,15.4,0.0325
Jul-1937,16.77,0.0319
Aug-1937,16.040001,0.0247
Sep-1937,13.76,0.0367
Oct-1937,12.35,0.0167
Nov-1937,11.11,0.0207
Dec-1937,10.55,0.0039
Jan-1938,10.69,0.0034
Feb-1938,11.34,0.0048
Mar-1938,8.5,-0.0071
Apr-1938,9.78,0.0123
May-1938,9.27,0.0017
Jun-1938,11.56,0.0013
Jul-1938,12.33,-0.0054
Aug-1938,12.06,0.0043
Sep-1938,12.24,0.0182
Oct-1938,13.17,0.0105
Nov-1938,12.73,-0.062
Dec-1938,13.14,0.0018
Jan-1939,12.3,-0.0054
Feb-1939,12.7,0.009
Mar-1939,10.98,-0.0093
Apr-1939,10.93,-0.0038
May-1939,11.6,0.0063
Jun-1939,10.86,0.0119
Jul-1939,12.04,0.0012
Aug-1939,11.18,-0.0057
Sep-1939,12.79,0.0099
Oct-1939,12.83,0.0022
Nov-1939,12.2,0.0021
Dec-1939,12.46,0.0021
Jan-1940,12.05,0.0018
Feb-1940,12.13,0.0016
Mar-1940,12.18,0
Apr-1940,12.19,0.0009
May-1940,9.27,-0.0153
Jun-1940,9.98,0.0041
Jul-1940,10.29,0.0118
Aug-1940,10.5,-0.0061
Sep-1940,10.66,0.0017
Oct-1940,11.08,0.0017
Nov-1940,10.57,0.0017
Dec-1940,10.58,0.0009
Jan-1941,10.07,-0.0069
Feb-1941,9.92,-0.0075
Mar-1941,9.96,0.0114
Apr-1941,9.31,-0.0067
May-1941,9.38,0.0043
Jun-1941,9.85,0.0042
Jul-1941,10.39,0.0288
Aug-1941,10.28,0.0067
Sep-1941,10.2,0.0086
Oct-1941,9.5,0.004
Nov-1941,9.12,0.0049
Dec-1941,8.69,0.0079
Jan-1942,8.85,0.0178
Feb-1942,8.59,0.0111
Mar-1942,8.01,0.0108
Apr-1942,7.66,0.0068
May-1942,8.15,0.0255
Jun-1942,8.3,0.0249
Jul-1942,8.56,0.0252
Aug-1942,8.62,0.0288
Sep-1942,8.85,0.0281
Oct-1942,9.36,0.0317
Nov-1942,9.29,0.0289
Dec-1942,9.77,0.0281
Jan-1943,10.44,0.0295
Feb-1943,10.97,0.0263
Mar-1943,11.58,0.0318
Apr-1943,11.59,0.0292
May-1943,12.05,0.025
Jun-1943,12.35,0.0303
Jul-1943,11.85,0.0291
Aug-1943,11.8,0.0295
Sep-1943,12.08,0.0284
Oct-1943,11.91,0.0283
Nov-1943,11.02,0.0295
Dec-1943,11.67,0.0297
Jan-1944,11.85,0.0293
Feb-1944,11.82,0.0282
Mar-1944,12.02,0.0245
Apr-1944,11.87,0.0277
May-1944,12.35,0.0253
Jun-1944,12.98,0.0288
Jul-1944,12.71,0.0293
Aug-1944,12.82,0.0298
Sep-1944,12.74,0.0237
Oct-1944,12.78,0.0303
Nov-1944,12.83,0.0291
Dec-1944,13.28,0.024
Jan-1945,13.47,0.0256
Feb-1945,14.3,0.0224
Mar-1945,13.61,0.0248
Apr-1945,14.84,0.0286
May-1945,15.01,0.03
Jun-1945,14.87,0.024
Jul-1945,14.66,0.0303
Aug-1945,15.51,0.0299
Sep-1945,16.049999,0.0279
Oct-1945,16.65,0.0311
Nov-1945,17.190001,0.024
Dec-1945,17.360001,0.0305
Jan-1946,18.57,0.03
Feb-1946,17.280001,0.0272
Mar-1946,18.040001,0.0288
Apr-1946,18.76,0.0297
May-1946,19.18,0.0299
Jun-1946,18.43,0.0272
Jul-1946,17.959999,0.0321
Aug-1946,16.65,0.029
Sep-1946,14.96,0.0295
Oct-1946,14.84,0.03
Nov-1946,14.68,0.0288
Dec-1946,15.3,0.0303
Jan-1947,15.66,0.0299
Feb-1947,15.43,0.0271
Mar-1947,15.17,0.0295
Apr-1947,14.58,0.0292
May-1947,14.45,0.0282
Jun-1947,15.21,0.0304
Jul-1947,15.76,0.03
Aug-1947,15.32,0.0276
Sep-1947,15.11,0.0648
Oct-1947,15.43,0.0645
Nov-1947,14.98,0.0626
Dec-1947,15.3,0.0785
Jan-1948,14.68,0.0726
Feb-1948,13.93,0.0723
Mar-1948,15.08,0.0886
Apr-1948,15.48,0.0817
May-1948,16.690001,0.0761
Jun-1948,16.74,0.0906
Jul-1948,15.85,0.0817
Aug-1948,15.97,0.086
Sep-1948,15.49,0.0359
Oct-1948,16.5,0.0393
Nov-1948,14.75,0.0391
Dec-1948,15.2,0.0443
Jan-1949,15.22,0.0955
Feb-1949,14.62,0.0884
Mar-1949,15.06,0.0973
Apr-1949,14.71,0.0924
May-1949,14.19,0.1014
Jun-1949,14.16,0.0957
Jul-1949,15.04,0.0865
Aug-1949,15.22,0.0911
Sep-1949,15.58,0.0864
Oct-1949,16.040001,0.0892
Nov-1949,16.059999,0.0837
Dec-1949,16.790001,0.0895
Jan-1950,17.049999,0.0931
Feb-1950,17.219999,0.0851
Mar-1950,17.290001,0.0952
Apr-1950,18.07,0.0858
May-1950,18.780001,0.1037
Jun-1950,17.690001,0.0969
Jul-1950,17.84,0.0984
Aug-1950,18.42,0.0965
Sep-1950,19.450001,0.1019
Oct-1950,19.530001,0.1163
Nov-1950,19.51,0.1057
Dec-1950,20.41,0.1105
Jan-1951,21.66,0.1257
Feb-1951,21.799999,0.1049
Mar-1951,21.4,0.1069
Apr-1951,22.43,0.1285
May-1951,21.52,0.1246
Jun-1951,20.959999,0.1161
Jul-1951,22.4,0.1348
Aug-1951,23.280001,0.1334
Sep-1951,23.26,0.1212
Oct-1951,22.940001,0.1559
Nov-1951,22.879999,0.1076
Dec-1951,23.77,0.1231
Jan-1952,24.139999,0.1547
Feb-1952,23.26,0.1152
Mar-1952,24.370001,0.1077
Apr-1952,23.32,0.1166
May-1952,23.860001,0.1306
Jun-1952,24.959999,0.1486
Jul-1952,25.4,0.151
Aug-1952,25.030001,0.1467
Sep-1952,24.540001,0.1635
Oct-1952,24.52,0.1393
Nov-1952,25.66,0.1049
Dec-1952,26.57,0.1648
Jan-1953,26.379999,0.162
Feb-1953,25.9,0.1402
Mar-1953,25.290001,0.1841
Apr-1953,24.620001,0.162
May-1953,24.540001,0.1721
Jun-1953,24.139999,0.1837
Jul-1953,24.75,0.1458
Aug-1953,23.32,0.1666
Sep-1953,23.35,0.1621
Oct-1953,24.540001,0.1252
Nov-1953,24.76,0.077
Dec-1953,24.809999,0.1279
Jan-1954,26.08,0.1091
Feb-1954,26.15,0.0708
Mar-1954,26.940001,0.078
Apr-1954,28.26,0.0888
May-1954,29.190001,0.051
Jun-1954,29.209999,0.059
Jul-1954,30.879999,0.0507
Aug-1954,29.83,0.0499
Sep-1954,32.310001,0.0869
Oct-1954,31.68,0.0696
Nov-1954,34.240002,0.0638
Dec-1954,35.98,0.0829
Jan-1955,36.630001,0.0808
Feb-1955,36.759998,0.0852
Mar-1955,36.580002,0.0991
Apr-1955,37.959999,0.1042
May-1955,37.91,0.1387
Jun-1955,41.029999,0.1021
Jul-1955,43.52,0.1
Aug-1955,43.18,0.1583
Sep-1955,43.669998,0.1617
Oct-1955,42.34,0.1818
Nov-1955,45.509998,0.1698
Dec-1955,45.48,0.1808
Jan-1956,43.82,0.2206
Feb-1956,45.34,0.1907
Mar-1956,48.48,0.1516
Apr-1956,48.380001,0.1851
May-1956,45.200001,0.2302
Jun-1956,46.970001,0.1984
Jul-1956,49.389999,0.2158
Aug-1956,47.509998,0.1661
Sep-1956,45.349998,0.1838
Oct-1956,45.580002,0.2477
Nov-1956,45.080002,0.2045
Dec-1956,46.669998,0.2375
Jan-1957,44.720001,0.2666
Feb-1957,43.259998,0.2389
Mar-1957,44.110001,0.2311
Apr-1957,45.740002,0.2518
May-1957,47.43,0.2556
Jun-1957,47.369999,0.241
Jul-1957,47.91,0.2955
Aug-1957,45.220001,0.252
Sep-1957,42.419998,0.2568
Oct-1957,41.060001,0.2897
Nov-1957,41.720001,0.2767
Dec-1957,39.990002,0.2391
Jan-1958,41.700001,0.2767
Feb-1958,40.84,0.1207
Mar-1958,42.099998,0.0944
Apr-1958,43.439999,0.0812
May-1958,44.09,0.1093
Jun-1958,45.240002,0.0297
Jul-1958,47.189999,0.067
Aug-1958,47.75,0.0448
Sep-1958,50.060001,0.1904
Oct-1958,51.330002,0.184
Nov-1958,52.48,0.1089
Dec-1958,55.209999,0.2239
Jan-1959,55.450001,0.2051
Feb-1959,55.41,0.1882
Mar-1959,55.439999,0.2177
Apr-1959,57.59,0.1991
May-1959,58.68,0.2189
Jun-1959,58.470001,0.245
Jul-1959,60.509998,0.2523
Aug-1959,59.599998,0.1861
Sep-1959,56.880001,0.3085
Oct-1959,57.52,0.3015
Nov-1959,58.279999,0.2554
Dec-1959,59.889999,0.3351
Jan-1960,55.610001,0.3318
Feb-1960,56.119999,0.2863
Mar-1960,55.34,0.3469
Apr-1960,54.369999,0.1944
May-1960,55.830002,0.2737
Jun-1960,56.919998,0.2387
Jul-1960,55.509998,0.133
Aug-1960,56.959999,0.1657
Sep-1960,53.52,0.1578
Oct-1960,53.389999,0.2156
Nov-1960,55.540001,0.1319
Dec-1960,58.110001,0.1553
Jan-1961,61.779999,0.1874
Feb-1961,63.439999,0.1433
Mar-1961,65.059998,0.2038
Apr-1961,65.309998,0.1746
May-1961,66.559998,0.178
Jun-1961,64.639999,0.2008
Jul-1961,66.760002,0.1824
Aug-1961,68.07,0.1414
Sep-1961,66.730003,0.1677
Oct-1961,68.620003,0.1858
Nov-1961,71.32,0.1545
Dec-1961,71.550003,0.1864
Jan-1962,68.839996,0.2411
Feb-1962,69.959999,0.2016
Mar-1962,69.550003,0.2038
Apr-1962,65.239998,0.2248
May-1962,59.630001,0.2401
Jun-1962,54.75,0.1958
Jul-1962,58.23,0.2662
Aug-1962,59.119999,0.2344
Sep-1962,56.27,0.2064
Oct-1962,56.52,0.255
Nov-1962,62.259998,0.1997
Dec-1962,63.099998,0.2311
Jan-1963,66.199997,0.2505
Feb-1963,64.290001,0.2272
Mar-1963,66.57,0.2291
Apr-1963,69.800003,0.2536
May-1963,70.800003,0.2424
Jun-1963,69.370003,0.2262
Jul-1963,69.129997,0.268
Aug-1963,72.5,0.2477
Sep-1963,71.699997,0.2734
Oct-1963,74.010002,0.2918
Nov-1963,73.230003,0.2707
Dec-1963,75.019997,0.2923
Jan-1964,77.040001,0.2957
Feb-1964,77.800003,0.2627
Mar-1964,78.980003,0.3126
Apr-1964,79.459999,0.293
May-1964,80.370003,0.2555
Jun-1964,81.690002,0.3048
Jul-1964,83.18,0.2971
Aug-1964,81.830002,0.2837
Sep-1964,84.18,0.2802
Oct-1964,84.860001,0.2929
Nov-1964,84.419998,0.2898
Dec-1964,84.75,0.3117
Jan-1965,87.559998,0.2828
Feb-1965,87.43,0.2981
Mar-1965,86.160004,0.3589
Apr-1965,89.110001,0.3053
May-1965,88.419998,0.3113
Jun-1965,84.120003,0.3533
Jul-1965,85.25,0.31
Aug-1965,87.169998,0.33
Sep-1965,89.959999,0.3128
Oct-1965,92.419998,0.3147
Nov-1965,91.610001,0.3498
Dec-1965,92.43,0.3313
Jan-1966,92.879997,0.3788
Feb-1966,91.220001,0.3474
Mar-1966,89.230003,0.3846
Apr-1966,91.059998,0.342
May-1966,86.129997,0.4126
Jun-1966,84.739998,0.3757
Jul-1966,83.599998,0.3543
Aug-1966,77.099998,0.4102
Sep-1966,76.559998,0.4003
Oct-1966,80.199997,0.4533
Nov-1966,80.449997,0.3975
Dec-1966,80.330002,0.4019
Jan-1967,86.610001,0.4313
Feb-1967,86.779999,0.3569
Mar-1967,90.199997,0.3898
Apr-1967,94.010002,0.3248
May-1967,89.080002,0.3334
Jun-1967,90.639999,0.2659
Jul-1967,94.75,0.315
Aug-1967,93.639999,0.3112
Sep-1967,96.709999,0.3204
Oct-1967,93.300003,0.3939
Nov-1967,94,0.3551
Dec-1967,96.470001,0.3333
Jan-1968,92.239998,0.4042
Feb-1968,89.360001,0.3874
Mar-1968,90.199997,0.3803
Apr-1968,97.459999,0.4292
May-1968,98.68,0.446
Jun-1968,99.580002,0.4251
Jul-1968,97.739998,0.4771
Aug-1968,98.860001,0.4221
Sep-1968,102.669998,0.4257
Oct-1968,103.410004,0.4364
Nov-1968,108.370003,0.4245
Dec-1968,103.860001,0.4276
Jan-1969,103.010002,0.5267
Feb-1969,98.129997,0.4609
Mar-1969,101.510002,0.4641
Apr-1969,103.690002,0.5331
May-1969,103.459999,0.4833
Jun-1969,97.709999,0.5119
Jul-1969,91.830002,0.5315
Aug-1969,95.510002,0.5049
Sep-1969,93.120003,0.6214
Oct-1969,97.120003,0.5964
Nov-1969,93.809998,0.5156
Dec-1969,92.059998,0.6435
Jan-1970,85.019997,0.6044
Feb-1970,89.5,0.618
Mar-1970,89.629997,0.5705
Apr-1970,81.519997,0.5043
May-1970,76.550003,0.5269
Jun-1970,72.720001,0.5811
Jul-1970,78.050003,0.5232
Aug-1970,81.519997,0.5339
Sep-1970,84.300003,0.5368
Oct-1970,83.25,0.46
Nov-1970,87.199997,0.4554
Dec-1970,92.150002,0.4233
Jan-1971,95.879997,0.3823
Feb-1971,96.75,0.3317
Mar-1971,100.309998,0.2979
Apr-1971,103.949997,0.2759
May-1971,99.629997,0.2933
Jun-1971,98.699997,0.3735
Jul-1971,95.580002,0.4019
Aug-1971,99.029999,0.4678
Sep-1971,98.339996,0.3674
Oct-1971,94.230003,0.3676
Nov-1971,93.989998,0.3724
Dec-1971,102.089996,0.3688
Jan-1972,103.940002,0.288
Feb-1972,106.57,0.248
Mar-1972,107.199997,0.2727
Apr-1972,107.669998,0.2879
May-1972,109.529999,0.3014
Jun-1972,107.139999,0.2935
Jul-1972,107.389999,0.3123
Aug-1972,111.089996,0.2859
Sep-1972,110.550003,0.3413
Oct-1972,111.580002,0.3976
Nov-1972,116.669998,0.3709
Dec-1972,118.050003,0.3746
Jan-1973,116.029999,0.437
Feb-1973,111.68,0.415
Mar-1973,111.519997,0.4558
Apr-1973,106.970001,0.5211
May-1973,104.949997,0.5077
Jun-1973,104.260002,0.5144
Jul-1973,108.220001,0.6393
Aug-1973,104.25,0.6997
Sep-1973,108.43,0.6821
Oct-1973,108.290001,0.6522
Nov-1973,95.959999,0.5577
Dec-1973,97.550003,0.638
Jan-1974,96.57,0.6264
Feb-1974,96.220001,0.5812
Mar-1974,93.980003,0.5575
Apr-1974,90.309998,0.7543
May-1974,87.279999,0.7535
Jun-1974,86,0.6024
Jul-1974,79.309998,0.7048
Aug-1974,72.150002,0.5953
Sep-1974,63.540001,0.8069
Oct-1974,73.900002,0.5053
Nov-1974,69.970001,0.539
Dec-1974,68.559998,0.6976
Jan-1975,76.980003,0.5824
Feb-1975,81.589996,0.4348
Mar-1975,83.360001,0.4135
Apr-1975,87.300003,0.4377
May-1975,91.150002,0.4356
Jun-1975,95.190002,0.4089
Jul-1975,88.75,0.4846
Aug-1975,86.879997,0.4805
Sep-1975,83.870003,0.5267
Oct-1975,89.040001,0.5555
Nov-1975,91.239998,0.4098
Dec-1975,90.190002,0.4849
Jan-1976,100.860001,0.4681
Feb-1976,99.709999,0.3373
Mar-1976,102.769997,0.4017
Apr-1976,101.639999,0.4194
May-1976,100.18,0.3744
Jun-1976,104.279999,0.4348
Jul-1976,103.440002,0.4656
Aug-1976,102.910004,0.4208
Sep-1976,105.239998,0.4368
Oct-1976,102.900002,0.4084
Nov-1976,102.099998,0.3963
Dec-1976,107.459999,0.4043
Jan-1977,102.029999,0.3594
Feb-1977,99.82,0.3514
Mar-1977,98.419998,0.3764
Apr-1977,98.440002,0.3755
May-1977,96.120003,0.3714
Jun-1977,100.480003,0.3986
Jul-1977,98.849998,0.417
Aug-1977,96.769997,0.4415
Sep-1977,96.529999,0.4333
Oct-1977,92.339996,0.4927
Nov-1977,94.830002,0.5001
Dec-1977,95.099998,0.4867
Jan-1978,89.25,0.4894
Feb-1978,87.040001,0.4598
Mar-1978,89.209999,0.5288
Apr-1978,96.830002,0.5357
May-1978,97.239998,0.5088
Jun-1978,95.529999,0.5369
Jul-1978,100.68,0.5591
Aug-1978,103.290001,0.555
Sep-1978,102.540001,0.6189
Oct-1978,93.150002,0.6806
Nov-1978,94.699997,0.6999
Dec-1978,96.110001,0.7824
Jan-1979,99.93,0.7716
Feb-1979,96.279999,0.7338
Mar-1979,101.589996,0.8132
Apr-1979,101.760002,0.7958
May-1979,99.080002,0.816
Jun-1979,102.910004,0.8104
Jul-1979,103.809998,0.7658
Aug-1979,109.32,0.7671
Sep-1979,109.32,0.8291
Oct-1979,101.82,0.8725
Nov-1979,106.160004,0.987
Dec-1979,107.940002,0.9512
Jan-1980,114.160004,0.7968
Feb-1980,113.660004,0.8858
Mar-1980,102.089996,1.2054
Apr-1980,106.290001,1.2556
May-1980,111.239998,0.8095
Jun-1980,114.239998,0.6112
Jul-1980,121.669998,0.5281
Aug-1980,122.379997,0.6388
Sep-1980,125.459999,0.7534
Oct-1980,127.470001,0.9505
Nov-1980,140.520004,0.957
Dec-1980,135.759995,1.3068
Jan-1981,129.550003,1.037
Feb-1981,131.270004,1.0691
Mar-1981,136,1.2077
Apr-1981,132.809998,1.0756
May-1981,132.589996,1.1544
Jun-1981,131.210007,1.3475
Jul-1981,130.919998,1.2398
Aug-1981,122.790001,1.2804
Sep-1981,116.18,1.2441
Oct-1981,121.889999,1.2054
Nov-1981,126.349998,1.0676
Dec-1981,122.550003,0.8738
Jan-1982,120.400002,0.7958
Feb-1982,113.110001,0.9238
Mar-1982,111.959999,0.9802
Apr-1982,116.440002,1.1292
May-1982,111.879997,1.0586
Jun-1982,109.610001,0.9573
Jul-1982,107.089996,1.0507
Aug-1982,119.510002,0.7623
Sep-1982,120.419998,0.5118
Oct-1982,133.720001,0.5901
Nov-1982,138.529999,0.6342
Dec-1982,140.639999,0.6738
Jan-1983,145.300003,0.6864
Feb-1983,148.059998,0.6186
Mar-1983,152.960007,0.6326
Apr-1983,164.429993,0.714
May-1983,162.389999,0.6907
Jun-1983,167.639999,0.6661
Jul-1983,162.559998,0.7402
Aug-1983,164.399994,0.7616
Sep-1983,166.070007,0.7607
Oct-1983,163.550003,0.7611
Nov-1983,166.399994,0.7035
Dec-1983,164.929993,0.7269
Jan-1984,163.410004,0.7589
Feb-1984,157.059998,0.7137
Mar-1984,159.179993,0.728
Apr-1984,160.050003,0.8139
May-1984,150.550003,0.7837
Jun-1984,153.179993,0.7534
Jul-1984,150.660004,0.8185
Aug-1984,166.679993,0.8306
Sep-1984,166.100006,0.8589
Oct-1984,166.089996,0.9957
Nov-1984,163.580002,0.7334
Dec-1984,167.240005,0.6426
Jan-1985,179.630005,0.6474
Feb-1985,181.179993,0.5781
Mar-1985,180.660004,0.616
Apr-1985,179.830002,0.7162
May-1985,189.550003,0.6634
Jun-1985,191.850006,0.5546
Jul-1985,190.919998,0.6246
Aug-1985,188.630005,0.5502
Sep-1985,182.080002,0.6049
Oct-1985,189.820007,0.6488
Nov-1985,202.169998,0.6082
Dec-1985,211.279999,0.6504
Jan-1986,211.779999,0.559
Feb-1986,226.919998,0.5296
Mar-1986,238.899994,0.5954
Apr-1986,235.520004,0.5208
May-1986,247.350006,0.4934
Jun-1986,250.839996,0.5246
Jul-1986,236.119995,0.52
Aug-1986,252.929993,0.46
Sep-1986,231.320007,0.45
Oct-1986,243.979996,0.4645
Nov-1986,249.220001,0.3904
Dec-1986,242.169998,0.4874
Jan-1987,274.079987,0.4151
Feb-1987,284.200012,0.4314
Mar-1987,291.700012,0.4706
Apr-1987,288.359985,0.4441
May-1987,290.100006,0.376
Jun-1987,304,0.4819
Jul-1987,318.660004,0.4573
Aug-1987,329.799988,0.4711
Sep-1987,321.829987,0.4521
Oct-1987,251.789993,0.5973
Nov-1987,230.300003,0.3452
Dec-1987,247.080002,0.3914
Jan-1988,257.070007,0.2942
Feb-1988,267.820007,0.4556
Mar-1988,258.890015,0.4407
Apr-1988,261.329987,0.4616
May-1988,262.160004,0.5053
Jun-1988,273.5,0.4853
Jul-1988,272.019989,0.5072
Aug-1988,261.519989,0.5938
Sep-1988,271.910004,0.6167
Oct-1988,278.970001,0.6101
Nov-1988,273.700012,0.5662
Dec-1988,277.720001,0.6341
Jan-1989,297.470001,0.5514
Feb-1989,288.859985,0.6131
Mar-1989,294.869995,0.6706
Apr-1989,309.640015,0.6748
May-1989,320.519989,0.7873
Jun-1989,317.980011,0.7093
Jul-1989,346.079987,0.6955
Aug-1989,351.450012,0.7392
Sep-1989,349.149994,0.6545
Oct-1989,340.359985,0.6765
Nov-1989,345.98999,0.6866
Dec-1989,353.399994,0.6069
Jan-1990,329.079987,0.567
Feb-1990,331.890015,0.5679
Mar-1990,339.940002,0.6441
Apr-1990,330.799988,0.6873
May-1990,361.230011,0.6771
Jun-1990,358.019989,0.6251
Jul-1990,356.149994,0.6771
Aug-1990,322.559998,0.6572
Sep-1990,306.049988,0.5984
Oct-1990,304,0.6818
Nov-1990,322.220001,0.5651
Dec-1990,330.220001,0.5989
Jan-1991,343.929993,0.5177
Feb-1991,367.070007,0.4767
Mar-1991,375.220001,0.4391
Apr-1991,375.339996,0.5335
May-1991,389.829987,0.4721
Jun-1991,371.160004,0.4171
Jul-1991,387.809998,0.48844
Aug-1991,395.429993,0.46101
Sep-1991,387.859985,0.45583
Oct-1991,392.450012,0.4246
Nov-1991,375.220001,0.39154
Dec-1991,417.089996,0.37921
Jan-1992,408.779999,0.3391
Feb-1992,412.700012,0.28276
Mar-1992,403.690002,0.3376
Apr-1992,414.950012,0.32488
May-1992,415.350006,0.27584
Jun-1992,408.140015,0.32014
Jul-1992,424.209991,0.3077
Aug-1992,414.029999,0.26049
Sep-1992,417.799988,0.25727
Oct-1992,418.679993,0.22861
Nov-1992,431.350006,0.2346
Dec-1992,435.709991,0.28228
Jan-1993,438.779999,0.23349
Feb-1993,443.380005,0.22092
Mar-1993,451.670013,0.25375
Apr-1993,440.190002,0.23717
May-1993,450.190002,0.2168
Jun-1993,450.529999,0.25381
Jul-1993,448.130005,0.24018
Aug-1993,463.559998,0.25045
Sep-1993,458.929993,0.2562
Oct-1993,467.829987,0.22098
Nov-1993,461.790009,0.2491
Dec-1993,466.450012,0.22634
Jan-1994,481.609985,0.25032
Feb-1994,467.140015,0.211974
Mar-1994,445.769989,0.26949
Apr-1994,450.910004,0.271103
May-1994,456.5,0.315004
Jun-1994,444.269989,0.311803
Jul-1994,458.26001,0.275123
Aug-1994,475.48999,0.368744
Sep-1994,462.709991,0.365914
Oct-1994,472.350006,0.384048
Nov-1994,453.690002,0.369051
Dec-1994,459.269989,0.442991
Jan-1995,470.420013,0.415551
Feb-1995,487.390015,0.398304
Mar-1995,500.709991,0.461897
Apr-1995,514.710022,0.444998
May-1995,533.400024,0.535519
Jun-1995,544.75,0.47145
Jul-1995,562.059998,0.45221
Aug-1995,561.880005,0.466422
Sep-1995,584.409973,0.430879
Oct-1995,581.5,0.471402
Nov-1995,605.369995,0.420097
Dec-1995,615.929993,0.488224
Jan-1996,636.02002,0.427766
Feb-1996,640.429993,0.39084
Mar-1996,645.5,0.394267
Apr-1996,654.169983,0.457932
May-1996,669.119995,0.423243
Jun-1996,670.630005,0.399953
Jul-1996,639.950012,0.44968
Aug-1996,651.98999,0.412207
Sep-1996,687.330017,0.437467
Oct-1996,705.27002,0.424601
Nov-1996,757.02002,0.406787
Dec-1996,740.73999,0.46207
Jan-1997,786.159973,0.450356
Feb-1997,790.820007,0.385908
Mar-1997,757.119995,0.429121
Apr-1997,801.340027,0.43078
May-1997,848.280029,0.493423
Jun-1997,885.140015,0.369249
Jul-1997,954.309998,0.428943
Aug-1997,899.469971,0.410823
Sep-1997,947.280029,0.444038
Oct-1997,914.619995,0.421812
Nov-1997,955.400024,0.391988
Dec-1997,970.429993,0.476674
Jan-1998,980.280029,0.428669
Feb-1998,1049.339966,0.390734
Mar-1998,1101.75,0.394567
Apr-1998,1111.75,0.430276
May-1998,1090.819946,0.403645
Jun-1998,1133.839966,0.408932
Jul-1998,1120.670044,0.400227
Aug-1998,957.280029,0.430641
Sep-1998,1017.01001,0.457735
Oct-1998,1098.670044,0.324245
Nov-1998,1163.630005,0.30638
Dec-1998,1229.22998,0.375124
Jan-1999,1279.640015,0.353934
Feb-1999,1238.329956,0.354894
Mar-1999,1286.369995,0.425861
Apr-1999,1335.180054,0.371129
May-1999,1301.839966,0.340221
Jun-1999,1372.709961,0.395391
Jul-1999,1328.719971,0.380607
Aug-1999,1320.410034,0.388467
Sep-1999,1282.709961,0.387124
Oct-1999,1362.930054,0.388669
Nov-1999,1388.910034,0.362224
Dec-1999,1469.25,0.437729
Jan-2000,1394.459961,0.412684
Feb-2000,1366.420044,0.431389
Mar-2000,1498.579956,0.468003
Apr-2000,1452.430054,0.459487
May-2000,1420.599976,0.504028
Jun-2000,1454.599976,0.398416
Jul-2000,1430.829956,0.480049
Aug-2000,1517.680054,0.504561
Sep-2000,1436.51001,0.508289
Oct-2000,1429.400024,0.5613
Nov-2000,1314.949951,0.507321
Dec-2000,1320.280029,0.504383
Jan-2001,1366.01001,0.538383
Feb-2001,1239.939941,0.37535
Mar-2001,1160.329956,0.416164
Apr-2001,1249.459961,0.3934
May-2001,1255.819946,0.323096
Jun-2001,1224.380005,0.280984
Jul-2001,1211.22998,0.302245
Aug-2001,1133.579956,0.30879
Sep-2001,1040.939941,0.277362
Oct-2001,1059.780029,0.224335
Nov-2001,1139.449951,0.174443
Dec-2001,1148.079956,0.146359
Jan-2002,1130.199951,0.140127
Feb-2002,1106.72998,0.129322
Mar-2002,1147.390015,0.133805
Apr-2002,1076.920044,0.15357
May-2002,1067.140015,0.144793
Jun-2002,989.820007,0.129515
Jul-2002,911.619995,0.154655
Aug-2002,916.070007,0.138814
Sep-2002,815.280029,0.143822
Oct-2002,885.76001,0.135809
Nov-2002,936.309998,0.117174
Dec-2002,879.820007,0.112989
Jan-2003,855.700012,0.097178
Feb-2003,841.150024,0.086926
Mar-2003,848.179993,0.100847
Apr-2003,916.919983,0.097832
May-2003,963.590027,0.089346
Jun-2003,974.5,0.098255
Jul-2003,990.309998,0.067643
Aug-2003,1008.01001,0.069545
Sep-2003,995.969971,0.084965
Oct-2003,1050.709961,0.070466
Nov-2003,1058.199951,0.071839
Dec-2003,1111.920044,0.081862
Jan-2004,1131.130005,0.069473
Feb-2004,1144.939941,0.06227
Mar-2004,1126.209961,0.086491
Apr-2004,1107.300049,0.079823
May-2004,1120.680054,0.060991
Jun-2004,1140.839966,0.083653
Jul-2004,1101.719971,0.096696
Aug-2004,1104.23999,0.110185
Sep-2004,1114.579956,0.114715
Oct-2004,1130.199951,0.112588
Nov-2004,1173.819946,0.154307
Dec-2004,1211.920044,0.164855
Jan-2005,1181.27002,0.163969
Feb-2005,1203.599976,0.164525
Mar-2005,1180.589966,0.211851
Apr-2005,1156.849976,0.205664
May-2005,1191.5,0.23899
Jun-2005,1191.329956,0.226763
Jul-2005,1234.180054,0.237467
Aug-2005,1220.329956,0.301713
Sep-2005,1228.810059,0.285524
Oct-2005,1207.01001,0.273214
Nov-2005,1249.47998,0.313997
Dec-2005,1248.290039,0.316085
Jan-2006,1280.079956,0.349954
Feb-2006,1280.660034,0.336095
Mar-2006,1294.869995,0.366757
Apr-2006,1310.609985,0.356415
May-2006,1270.089966,0.4311
Jun-2006,1270.199951,0.396417
Jul-2006,1276.660034,0.397688
Aug-2006,1303.819946,0.42243
Sep-2006,1335.849976,0.408119
Oct-2006,1377.939941,0.405801
Nov-2006,1400.630005,0.423032
Dec-2006,1418.300049,0.403406
Jan-2007,1438.23999,0.444439
Feb-2007,1406.819946,0.383719
Mar-2007,1420.859985,0.425233
Apr-2007,1482.369995,0.436234
May-2007,1530.619995,0.405933
Jun-2007,1503.349976,0.398026
Jul-2007,1455.27002,0.395721
Aug-2007,1473.98999,0.41799
Sep-2007,1526.75,0.323433
Oct-2007,1549.380005,0.32167
Nov-2007,1481.140015,0.341075
Dec-2007,1468.359985,0.272165
Jan-2008,1378.550049,0.214877
Feb-2008,1330.630005,0.132559
Mar-2008,1322.699951,0.171031
Apr-2008,1385.589966,0.175735
May-2008,1400.380005,0.178454
Jun-2008,1280,0.173938
Jul-2008,1267.380005,0.152654
Aug-2008,1282.829956,0.126482
Sep-2008,1166.359985,0.152959
Oct-2008,968.75,0.08194
Nov-2008,896.23999,0.02622
Dec-2008,903.25,0.00092
Jan-2009,825.880005,0.0005
Feb-2009,735.090027,0.01356
Mar-2009,797.869995,0.01586
Apr-2009,872.809998,0.01354
May-2009,919.140015,0.00213
Jun-2009,919.320007,0.0079
Jul-2009,987.47998,0.01354
Aug-2009,1020.619995,0.01138
Sep-2009,1057.079956,0.00828
Oct-2009,1036.189941,0.00363
Nov-2009,1095.630005,0.00046
Dec-2009,1115.099976,0.00594
Jan-2010,1073.869995,0.0031
Feb-2010,1104.48999,0.0008
Mar-2010,1169.430054,0.0069
Apr-2010,1186.689941,0.0114
May-2010,1089.410034,0.0109
Jun-2010,1030.709961,0.0132
Jul-2010,1101.599976,0.0143
Aug-2010,1049.329956,0.0128
Sep-2010,1141.199951,0.013
Oct-2010,1183.26001,0.0109
Nov-2010,1180.550049,0.0108
Dec-2010,1257.640015,0.0133
Jan-2011,1286.119995,0.0069
Feb-2011,1327.219971,0.012
Mar-2011,1325.829956,0.0071
Apr-2011,1363.609985,0.0041
May-2011,1345.199951,0.0014
Jun-2011,1320.640015,0.0032
Jul-2011,1292.280029,-0.0021
Aug-2011,1218.890015,0.008
Sep-2011,1131.420044,0.0005
Oct-2011,1253.300049,0.0004
Nov-2011,1246.959961,0.0002
Dec-2011,1257.599976,0.0001
Jan-2012,1312.410034,0.0003
Feb-2012,1365.680054,0.0025
Mar-2012,1408.469971,0.0046
Apr-2012,1397.910034,0.0026
May-2012,1310.329956,0.0067
Jun-2012,1362.160034,0.0022
Jul-2012,1379.319946,0.0042
Aug-2012,1406.579956,0.0059
Sep-2012,1440.670044,0.0065
Oct-2012,1412.160034,0.0064
Nov-2012,1416.180054,0.0077
Dec-2012,1426.189941,0.0101
Jan-2013,1498.109985,0.0017
Feb-2013,1514.680054,0.0023
Mar-2013,1569.189941,0.0038
Apr-2013,1597.569946,0.0038
May-2013,1630.73999,0.0016
Jun-2013,1606.280029,0.0017
Jul-2013,1685.72998,0.0005
Aug-2013,1632.969971,0.0014
Sep-2013,1681.550049,-0.0002
Oct-2013,1756.540039,0.0028
Nov-2013,1805.810059,0.0021
Dec-2013,1848.359985,0.0024
Jan-2014,1782.589966,0.00206
Feb-2014,1859.449951,0.00456
Mar-2014,1872.339966,0.00243
Apr-2014,1883.949951,0.00172
May-2014,1923.569946,0.00072
Jun-2014,1960.22998,0.00244
Jul-2014,1930.670044,0.00053
Aug-2014,2003.369995,-0.00017
Sep-2014,1972.290039,0.00047
Oct-2014,2018.050049,0.00137
Nov-2014,2067.560059,-0.00033
Dec-2014,2058.899902,0.00049
Jan-2015,1994.98999,0.00117
Feb-2015,2104.5,-0.0001
Mar-2015,2067.889893,0.00186
Apr-2015,2085.51001,0.00275
May-2015,2107.389893,-0.00078
Jun-2015,2063.110107,0.00039
Jul-2015,2103.840088,-0.00098
Aug-2015,1972.180054,0.00331
Sep-2015,1920.030029,0.00086
Oct-2015,2079.360107,-0.00193
Nov-2015,2080.409912,0.00219
Dec-2015,2043.939941,0.01016
Jan-2016,1940.23999,0.00604
Feb-2016,1932.22998,0.02013
Mar-2016,2059.73999,0.0205
Apr-2016,2065.300049,0.00695
May-2016,2096.949951,0.01286
Jun-2016,2098.860107,0.01942
Jul-2016,2173.600098,0.01891
Aug-2016,2170.949951,0.01823
Sep-2016,2168.27002,0.02159
Oct-2016,2126.149902,0.01574
Nov-2016,2198.810059,0.01404
Dec-2016,2238.830078,0.02534
Jan-2017,2278.870117,0.03658
Feb-2017,2363.639893,0.03636
Mar-2017,2362.719971,0.03358
Apr-2017,2384.199951,0.05435
May-2017,2411.800049,0.06379
Jun-2017,2423.409912,0.0615
Jul-2017,2470.300049,0.07241
Aug-2017,2471.649902,0.08501
Sep-2017,2519.360107,0.09415
Oct-2017,2575.26001,0.08541
Nov-2017,2584.840088,0.08282
Dec-2017,2673.610107,0.0883
Jan-2018,2823.810059,0.1122
Feb-2018,2713.830078,0.1104
Mar-2018,2640.870117,0.1174
Apr-2018,2648.050049,0.1433
May-2018,2705.27002,0.1404
Jun-2018,2718.370117,0.1356
Jul-2018,2816.290039,0.1619
Aug-2018,2901.52002,0.1626
Sep-2018,2913.97998,0.1506
Oct-2018,2711.73999,0.1892
Nov-2018,2760.169922,0.1777
Dec-2018,2506.850098,0.1923
Jan-2019,2704.100098,0.20526
Feb-2019,2784.48999,0.18341
Mar-2019,2834.399902,0.19214
Apr-2019,2945.830078,0.20917
May-2019,2752.060059,0.20542
Jun-2019,2941.76001,0.17926
Jul-2019,2980.379883,0.18506
Aug-2019,2926.459961,0.16489
Sep-2019,2976.73999,0.17685
Oct-2019,3037.560059,0.15225
Nov-2019,3140.97998,0.12285
Dec-2019,3230.780029,0.13843